INSERT INTO [dbo].[Category] ([Id],[Name],[ClientId],[SiteId],[ParentId]) VALUES ('9655DB96-0FD5-438A-9E0C-7E1FE7FD0066','Air Handling Unit',NULL,NULL,NULL)
INSERT INTO [dbo].[Category] ([Id],[Name],[ClientId],[SiteId],[ParentId]) VALUES ('06B6117B-987B-447C-AE8F-1505CFF7398E','Boiler',NULL,NULL,NULL)
INSERT INTO [dbo].[Category] ([Id],[Name],[ClientId],[SiteId],[ParentId]) VALUES ('2D5F2EAB-3BA9-4BB0-9752-3714D4066902','Chilled Beam',NULL,NULL,NULL)
INSERT INTO [dbo].[Category] ([Id],[Name],[ClientId],[SiteId],[ParentId]) VALUES ('1F634ACA-6538-4429-9C5B-2846D02D95A9','Chilled Water Pump',NULL,NULL,NULL)
INSERT INTO [dbo].[Category] ([Id],[Name],[ClientId],[SiteId],[ParentId]) VALUES ('4661EC1D-3D4A-4C7A-B8EC-8702EA0BCEAE','Chilled Water System',NULL,NULL,NULL)
INSERT INTO [dbo].[Category] ([Id],[Name],[ClientId],[SiteId],[ParentId]) VALUES ('3A9ECF17-6636-449A-AEA6-490FF27DD343','Chiller',NULL,NULL,NULL)
INSERT INTO [dbo].[Category] ([Id],[Name],[ClientId],[SiteId],[ParentId]) VALUES ('A23C6655-3807-4658-8084-133BFBB8BC0A','Condenser Water Pump',NULL,NULL,NULL)
INSERT INTO [dbo].[Category] ([Id],[Name],[ClientId],[SiteId],[ParentId]) VALUES ('177B3935-FA52-42CE-8DF0-52A2CF68B1FC','Cooling Tower',NULL,NULL,NULL)
INSERT INTO [dbo].[Category] ([Id],[Name],[ClientId],[SiteId],[ParentId]) VALUES ('7B8F903C-92F6-435B-8F0D-2977EAED870B','Exhaust Air Fan',NULL,NULL,NULL)
INSERT INTO [dbo].[Category] ([Id],[Name],[ClientId],[SiteId],[ParentId]) VALUES ('639910CF-C864-4E43-BF8C-2FE77357A541','Fan Coil Unit',NULL,NULL,NULL)
INSERT INTO [dbo].[Category] ([Id],[Name],[ClientId],[SiteId],[ParentId]) VALUES ('D3A7DEA7-DB71-4173-BCBB-0C810687ACE1','Gas Turbine',NULL,NULL,NULL)
INSERT INTO [dbo].[Category] ([Id],[Name],[ClientId],[SiteId],[ParentId]) VALUES ('86E8832C-0424-47A5-B6FA-9190C51C0124','Heating Hot Water System',NULL,NULL,NULL)
INSERT INTO [dbo].[Category] ([Id],[Name],[ClientId],[SiteId],[ParentId]) VALUES ('2F940A62-394F-4211-A519-2D29C03EBCE6','Hot Water Pump',NULL,NULL,NULL)
INSERT INTO [dbo].[Category] ([Id],[Name],[ClientId],[SiteId],[ParentId]) VALUES ('64CAFD5A-9FD7-4C0E-BBBB-40B6046E9CA0','Outside Air Fan',NULL,NULL,NULL)
INSERT INTO [dbo].[Category] ([Id],[Name],[ClientId],[SiteId],[ParentId]) VALUES ('0E920498-B883-4584-8E0D-E0BD865A84AD','Skirting Heater',NULL,NULL,NULL)
INSERT INTO [dbo].[Category] ([Id],[Name],[ClientId],[SiteId],[ParentId]) VALUES ('78AFB259-3E30-4957-9409-3485E8231595','Water Cooled Packaged Unit',NULL,NULL,NULL)
INSERT INTO [dbo].[Category] ([Id],[Name],[ClientId],[SiteId],[ParentId]) VALUES ('C82108DB-B1B9-48EC-BB33-F66FB5A9972F','Air Conditioning Unit (ACU)',NULL,NULL,NULL)
INSERT INTO [dbo].[Category] ([Id],[Name],[ClientId],[SiteId],[ParentId]) VALUES ('8DC39D99-79E7-4DF8-AC86-2268D8AE4FBF','Security Door',NULL,NULL,NULL)
INSERT INTO [dbo].[Category] ([Id],[Name],[ClientId],[SiteId],[ParentId]) VALUES ('21D9429E-FA8E-428D-867A-0B65C245208E','Lift / Elevator',NULL,NULL,NULL)
INSERT INTO [dbo].[Category] ([Id],[Name],[ClientId],[SiteId],[ParentId]) VALUES ('4487BC35-34F9-4A7F-A761-E649BCEF5382','Blind Group System',NULL,NULL,NULL)
INSERT INTO [dbo].[Category] ([Id],[Name],[ClientId],[SiteId],[ParentId]) VALUES ('D713B70F-E7C6-47B5-A108-C9240204A076','Blind Unit Controls & Sensors',NULL,NULL,NULL)
INSERT INTO [dbo].[Category] ([Id],[Name],[ClientId],[SiteId],[ParentId]) VALUES ('FCCBAD58-ADF8-4724-B36F-B87991732B0E','Lighting & Emergency Lighting',NULL,NULL,NULL)
INSERT INTO [dbo].[Category] ([Id],[Name],[ClientId],[SiteId],[ParentId]) VALUES ('BBE029B4-BD19-4B67-B1DB-D4437516FEEB','Photovoltaic System',NULL,NULL,NULL)

INSERT INTO [dbo].[Tag] ([Id],[Name],[Description],[ClientId]) VALUES ('443572D6-3545-49B3-850B-FBED35391BC7','equip',NULL,NULL)
INSERT INTO [dbo].[Tag] ([Id],[Name],[Description],[ClientId]) VALUES ('9DFC09D6-D7C1-4820-B9AE-8F515D85196D','coolingTower',NULL,NULL)
INSERT INTO [dbo].[Tag] ([Id],[Name],[Description],[ClientId]) VALUES ('A4A1B59C-5470-4A07-AFF7-45713CBE3261','hotWaterPlant',NULL,NULL)
INSERT INTO [dbo].[Tag] ([Id],[Name],[Description],[ClientId]) VALUES ('7883F66A-AC57-4260-9744-0C33A3782F3F','hvac',NULL,NULL)
INSERT INTO [dbo].[Tag] ([Id],[Name],[Description],[ClientId]) VALUES ('EBB344F7-76BA-41B4-8648-A7817FB590DE','security',NULL,NULL)
INSERT INTO [dbo].[Tag] ([Id],[Name],[Description],[ClientId]) VALUES ('907D2110-5E9F-4007-A991-501EBB4C5775','elevator',NULL,NULL)
INSERT INTO [dbo].[Tag] ([Id],[Name],[Description],[ClientId]) VALUES ('F949F3B7-D469-4CEC-862E-74D1CC47F28F','blind',NULL,NULL)
INSERT INTO [dbo].[Tag] ([Id],[Name],[Description],[ClientId]) VALUES ('FAED2C7C-0851-45AA-9273-6DC4F7FA1049','lighting',NULL,NULL)
INSERT INTO [dbo].[Tag] ([Id],[Name],[Description],[ClientId]) VALUES ('5DD32096-5EB5-4F06-843E-534E74F0EE1F','pv',NULL,NULL)
INSERT INTO [dbo].[Tag] ([Id],[Name],[Description],[ClientId]) VALUES ('85188F95-9E19-47A5-B04E-E85578B816B6','chilledBeam',NULL,NULL)
INSERT INTO [dbo].[Tag] ([Id],[Name],[Description],[ClientId]) VALUES ('6CD7384C-5BF0-4E10-A5B0-D3A2F96D4D4B','chilledWaterPlant',NULL,NULL)
INSERT INTO [dbo].[Tag] ([Id],[Name],[Description],[ClientId]) VALUES ('2C989BBE-9F55-42FF-9376-9C1E264BCAC8','chiller',NULL,NULL)
INSERT INTO [dbo].[Tag] ([Id],[Name],[Description],[ClientId]) VALUES ('9283F84C-FD06-4A7E-AA59-EC48368D2DDE','fcu',NULL,NULL)
INSERT INTO [dbo].[Tag] ([Id],[Name],[Description],[ClientId]) VALUES ('B2703D2C-CCE4-4169-AB63-45FDE199F5C1','turbine',NULL,NULL)
INSERT INTO [dbo].[Tag] ([Id],[Name],[Description],[ClientId]) VALUES ('ECCF605C-83FB-4B77-9D6A-F1B6194373D3','pump',NULL,NULL)
INSERT INTO [dbo].[Tag] ([Id],[Name],[Description],[ClientId]) VALUES ('BABFAFBF-AB76-4F0B-902C-6DC10AF66443','fan',NULL,NULL)
INSERT INTO [dbo].[Tag] ([Id],[Name],[Description],[ClientId]) VALUES ('8813A64D-790B-47DA-B95E-AE9D23442E5D','radiator',NULL,NULL)
INSERT INTO [dbo].[Tag] ([Id],[Name],[Description],[ClientId]) VALUES ('A9442CCA-4DBD-4699-8364-C1589D063E20','ahu',NULL,NULL)
INSERT INTO [dbo].[Tag] ([Id],[Name],[Description],[ClientId]) VALUES ('6261C58B-AC7C-4C66-BBEE-036A8B57E9CD','door',NULL,NULL)
INSERT INTO [dbo].[Tag] ([Id],[Name],[Description],[ClientId]) VALUES ('BF2E72EF-C126-4D06-AD8C-CED373442527','group',NULL,NULL)
INSERT INTO [dbo].[Tag] ([Id],[Name],[Description],[ClientId]) VALUES ('044BC41E-45F4-4465-B259-7319D8AD0292','unit',NULL,NULL)
INSERT INTO [dbo].[Tag] ([Id],[Name],[Description],[ClientId]) VALUES ('3B28A178-F99F-4987-9AD2-EC9659BAADBB','chilledWaterCool',NULL,NULL)
INSERT INTO [dbo].[Tag] ([Id],[Name],[Description],[ClientId]) VALUES ('E0A1AED1-CE93-40BB-98C3-ADB91DB32744','primary',NULL,NULL)
INSERT INTO [dbo].[Tag] ([Id],[Name],[Description],[ClientId]) VALUES ('7E3BAE78-8D03-4FC5-B0AF-3748D983855C','secondary',NULL,NULL)
INSERT INTO [dbo].[Tag] ([Id],[Name],[Description],[ClientId]) VALUES ('6EFED628-7CDA-4ED1-AF45-7FAA90E7E836','exhaust',NULL,NULL)
INSERT INTO [dbo].[Tag] ([Id],[Name],[Description],[ClientId]) VALUES ('92497AD6-7717-4EF9-B7A8-8CA33D54BFBC','hot',NULL,NULL)
INSERT INTO [dbo].[Tag] ([Id],[Name],[Description],[ClientId]) VALUES ('8B60E435-4123-473E-9544-5450E3B27665','outside',NULL,NULL)
INSERT INTO [dbo].[Tag] ([Id],[Name],[Description],[ClientId]) VALUES ('D7A5CBE6-F93C-46F6-A9AA-1383C771D82E','dxCool',NULL,NULL)
INSERT INTO [dbo].[Tag] ([Id],[Name],[Description],[ClientId]) VALUES ('57420908-ADFA-4843-B0DC-4C549A43A1B8','hotWaterHeat',NULL,NULL)
INSERT INTO [dbo].[Tag] ([Id],[Name],[Description],[ClientId]) VALUES ('ECA33D94-29F9-4440-8BEE-F2378DDA82B3','gas',NULL,NULL)
INSERT INTO [dbo].[Tag] ([Id],[Name],[Description],[ClientId]) VALUES ('10EE6F16-A8C0-4756-82BC-317C443597B8','loop',NULL,NULL)
INSERT INTO [dbo].[Tag] ([Id],[Name],[Description],[ClientId]) VALUES ('79FF259D-671C-4BB6-9E3E-E0E8F046E143','water',NULL,NULL)
INSERT INTO [dbo].[Tag] ([Id],[Name],[Description],[ClientId]) VALUES ('3ED73AAA-EDDA-4A4C-8901-E725C61B4F6A','air',NULL,NULL)
INSERT INTO [dbo].[Tag] ([Id],[Name],[Description],[ClientId]) VALUES ('19A2F41C-5CA8-4C6F-B2B6-C6A1A16DDB44','waterCooled',NULL,NULL)
INSERT INTO [dbo].[Tag] ([Id],[Name],[Description],[ClientId]) VALUES ('7B1A1150-B401-484A-97CE-C735BF0A0A10','directZone',NULL,NULL)
INSERT INTO [dbo].[Tag] ([Id],[Name],[Description],[ClientId]) VALUES ('707EC2B7-80E4-45CF-9EBC-A05CC4FD8AA2','boiler',NULL,NULL)
INSERT INTO [dbo].[Tag] ([Id],[Name],[Description],[ClientId]) VALUES ('55923C29-013C-4070-B8E8-4CBAB0E591A4','chilled',NULL,NULL)
INSERT INTO [dbo].[Tag] ([Id],[Name],[Description],[ClientId]) VALUES ('E7720153-6EA5-4542-8E95-B20BC21107E8','condenser',NULL,NULL)

INSERT INTO [dbo].[TagCategory] ([TagId],[CategoryId]) VALUES ('443572D6-3545-49B3-850B-FBED35391BC7','9655DB96-0FD5-438A-9E0C-7E1FE7FD0066')
INSERT INTO [dbo].[TagCategory] ([TagId],[CategoryId]) VALUES ('7883F66A-AC57-4260-9744-0C33A3782F3F','9655DB96-0FD5-438A-9E0C-7E1FE7FD0066')
INSERT INTO [dbo].[TagCategory] ([TagId],[CategoryId]) VALUES ('A9442CCA-4DBD-4699-8364-C1589D063E20','9655DB96-0FD5-438A-9E0C-7E1FE7FD0066')
INSERT INTO [dbo].[TagCategory] ([TagId],[CategoryId]) VALUES ('3B28A178-F99F-4987-9AD2-EC9659BAADBB','9655DB96-0FD5-438A-9E0C-7E1FE7FD0066')
INSERT INTO [dbo].[TagCategory] ([TagId],[CategoryId]) VALUES ('57420908-ADFA-4843-B0DC-4C549A43A1B8','9655DB96-0FD5-438A-9E0C-7E1FE7FD0066')

INSERT INTO [dbo].[TagCategory] ([TagId],[CategoryId]) VALUES ('443572D6-3545-49B3-850B-FBED35391BC7','06B6117B-987B-447C-AE8F-1505CFF7398E')
INSERT INTO [dbo].[TagCategory] ([TagId],[CategoryId]) VALUES ('7883F66A-AC57-4260-9744-0C33A3782F3F','06B6117B-987B-447C-AE8F-1505CFF7398E')
INSERT INTO [dbo].[TagCategory] ([TagId],[CategoryId]) VALUES ('92497AD6-7717-4EF9-B7A8-8CA33D54BFBC','06B6117B-987B-447C-AE8F-1505CFF7398E')
INSERT INTO [dbo].[TagCategory] ([TagId],[CategoryId]) VALUES ('79FF259D-671C-4BB6-9E3E-E0E8F046E143','06B6117B-987B-447C-AE8F-1505CFF7398E')
INSERT INTO [dbo].[TagCategory] ([TagId],[CategoryId]) VALUES ('ECA33D94-29F9-4440-8BEE-F2378DDA82B3','06B6117B-987B-447C-AE8F-1505CFF7398E')
INSERT INTO [dbo].[TagCategory] ([TagId],[CategoryId]) VALUES ('707EC2B7-80E4-45CF-9EBC-A05CC4FD8AA2','06B6117B-987B-447C-AE8F-1505CFF7398E')

INSERT INTO [dbo].[TagCategory] ([TagId],[CategoryId]) VALUES ('443572D6-3545-49B3-850B-FBED35391BC7','2D5F2EAB-3BA9-4BB0-9752-3714D4066902')
INSERT INTO [dbo].[TagCategory] ([TagId],[CategoryId]) VALUES ('7883F66A-AC57-4260-9744-0C33A3782F3F','2D5F2EAB-3BA9-4BB0-9752-3714D4066902')
INSERT INTO [dbo].[TagCategory] ([TagId],[CategoryId]) VALUES ('85188F95-9E19-47A5-B04E-E85578B816B6','2D5F2EAB-3BA9-4BB0-9752-3714D4066902')

INSERT INTO [dbo].[TagCategory] ([TagId],[CategoryId]) VALUES ('443572D6-3545-49B3-850B-FBED35391BC7','1F634ACA-6538-4429-9C5B-2846D02D95A9')
INSERT INTO [dbo].[TagCategory] ([TagId],[CategoryId]) VALUES ('7883F66A-AC57-4260-9744-0C33A3782F3F','1F634ACA-6538-4429-9C5B-2846D02D95A9')
INSERT INTO [dbo].[TagCategory] ([TagId],[CategoryId]) VALUES ('ECCF605C-83FB-4B77-9D6A-F1B6194373D3','1F634ACA-6538-4429-9C5B-2846D02D95A9')
INSERT INTO [dbo].[TagCategory] ([TagId],[CategoryId]) VALUES ('E0A1AED1-CE93-40BB-98C3-ADB91DB32744','1F634ACA-6538-4429-9C5B-2846D02D95A9')
INSERT INTO [dbo].[TagCategory] ([TagId],[CategoryId]) VALUES ('10EE6F16-A8C0-4756-82BC-317C443597B8','1F634ACA-6538-4429-9C5B-2846D02D95A9')
INSERT INTO [dbo].[TagCategory] ([TagId],[CategoryId]) VALUES ('55923C29-013C-4070-B8E8-4CBAB0E591A4','1F634ACA-6538-4429-9C5B-2846D02D95A9')
INSERT INTO [dbo].[TagCategory] ([TagId],[CategoryId]) VALUES ('79FF259D-671C-4BB6-9E3E-E0E8F046E143','1F634ACA-6538-4429-9C5B-2846D02D95A9')

INSERT INTO [dbo].[TagCategory] ([TagId],[CategoryId]) VALUES ('443572D6-3545-49B3-850B-FBED35391BC7','4661EC1D-3D4A-4C7A-B8EC-8702EA0BCEAE')
INSERT INTO [dbo].[TagCategory] ([TagId],[CategoryId]) VALUES ('7883F66A-AC57-4260-9744-0C33A3782F3F','4661EC1D-3D4A-4C7A-B8EC-8702EA0BCEAE')
INSERT INTO [dbo].[TagCategory] ([TagId],[CategoryId]) VALUES ('6CD7384C-5BF0-4E10-A5B0-D3A2F96D4D4B','4661EC1D-3D4A-4C7A-B8EC-8702EA0BCEAE')

INSERT INTO [dbo].[TagCategory] ([TagId],[CategoryId]) VALUES ('443572D6-3545-49B3-850B-FBED35391BC7','3A9ECF17-6636-449A-AEA6-490FF27DD343')
INSERT INTO [dbo].[TagCategory] ([TagId],[CategoryId]) VALUES ('7883F66A-AC57-4260-9744-0C33A3782F3F','3A9ECF17-6636-449A-AEA6-490FF27DD343')
INSERT INTO [dbo].[TagCategory] ([TagId],[CategoryId]) VALUES ('2C989BBE-9F55-42FF-9376-9C1E264BCAC8','3A9ECF17-6636-449A-AEA6-490FF27DD343')
INSERT INTO [dbo].[TagCategory] ([TagId],[CategoryId]) VALUES ('19A2F41C-5CA8-4C6F-B2B6-C6A1A16DDB44','3A9ECF17-6636-449A-AEA6-490FF27DD343')

INSERT INTO [dbo].[TagCategory] ([TagId],[CategoryId]) VALUES ('443572D6-3545-49B3-850B-FBED35391BC7','A23C6655-3807-4658-8084-133BFBB8BC0A')
INSERT INTO [dbo].[TagCategory] ([TagId],[CategoryId]) VALUES ('7883F66A-AC57-4260-9744-0C33A3782F3F','A23C6655-3807-4658-8084-133BFBB8BC0A')
INSERT INTO [dbo].[TagCategory] ([TagId],[CategoryId]) VALUES ('ECCF605C-83FB-4B77-9D6A-F1B6194373D3','A23C6655-3807-4658-8084-133BFBB8BC0A')
INSERT INTO [dbo].[TagCategory] ([TagId],[CategoryId]) VALUES ('10EE6F16-A8C0-4756-82BC-317C443597B8','A23C6655-3807-4658-8084-133BFBB8BC0A')
INSERT INTO [dbo].[TagCategory] ([TagId],[CategoryId]) VALUES ('E7720153-6EA5-4542-8E95-B20BC21107E8','A23C6655-3807-4658-8084-133BFBB8BC0A')
INSERT INTO [dbo].[TagCategory] ([TagId],[CategoryId]) VALUES ('79FF259D-671C-4BB6-9E3E-E0E8F046E143','A23C6655-3807-4658-8084-133BFBB8BC0A')

INSERT INTO [dbo].[TagCategory] ([TagId],[CategoryId]) VALUES ('443572D6-3545-49B3-850B-FBED35391BC7','177B3935-FA52-42CE-8DF0-52A2CF68B1FC')
INSERT INTO [dbo].[TagCategory] ([TagId],[CategoryId]) VALUES ('9DFC09D6-D7C1-4820-B9AE-8F515D85196D','177B3935-FA52-42CE-8DF0-52A2CF68B1FC')

INSERT INTO [dbo].[TagCategory] ([TagId],[CategoryId]) VALUES ('443572D6-3545-49B3-850B-FBED35391BC7','7B8F903C-92F6-435B-8F0D-2977EAED870B')
INSERT INTO [dbo].[TagCategory] ([TagId],[CategoryId]) VALUES ('7883F66A-AC57-4260-9744-0C33A3782F3F','7B8F903C-92F6-435B-8F0D-2977EAED870B')
INSERT INTO [dbo].[TagCategory] ([TagId],[CategoryId]) VALUES ('BABFAFBF-AB76-4F0B-902C-6DC10AF66443','7B8F903C-92F6-435B-8F0D-2977EAED870B')
INSERT INTO [dbo].[TagCategory] ([TagId],[CategoryId]) VALUES ('6EFED628-7CDA-4ED1-AF45-7FAA90E7E836','7B8F903C-92F6-435B-8F0D-2977EAED870B')
INSERT INTO [dbo].[TagCategory] ([TagId],[CategoryId]) VALUES ('3ED73AAA-EDDA-4A4C-8901-E725C61B4F6A','7B8F903C-92F6-435B-8F0D-2977EAED870B')

INSERT INTO [dbo].[TagCategory] ([TagId],[CategoryId]) VALUES ('443572D6-3545-49B3-850B-FBED35391BC7','639910CF-C864-4E43-BF8C-2FE77357A541')
INSERT INTO [dbo].[TagCategory] ([TagId],[CategoryId]) VALUES ('7883F66A-AC57-4260-9744-0C33A3782F3F','639910CF-C864-4E43-BF8C-2FE77357A541')
INSERT INTO [dbo].[TagCategory] ([TagId],[CategoryId]) VALUES ('9283F84C-FD06-4A7E-AA59-EC48368D2DDE','639910CF-C864-4E43-BF8C-2FE77357A541')

INSERT INTO [dbo].[TagCategory] ([TagId],[CategoryId]) VALUES ('443572D6-3545-49B3-850B-FBED35391BC7','D3A7DEA7-DB71-4173-BCBB-0C810687ACE1')
INSERT INTO [dbo].[TagCategory] ([TagId],[CategoryId]) VALUES ('ECA33D94-29F9-4440-8BEE-F2378DDA82B3','D3A7DEA7-DB71-4173-BCBB-0C810687ACE1')
INSERT INTO [dbo].[TagCategory] ([TagId],[CategoryId]) VALUES ('B2703D2C-CCE4-4169-AB63-45FDE199F5C1','D3A7DEA7-DB71-4173-BCBB-0C810687ACE1')

INSERT INTO [dbo].[TagCategory] ([TagId],[CategoryId]) VALUES ('443572D6-3545-49B3-850B-FBED35391BC7','86E8832C-0424-47A5-B6FA-9190C51C0124')
INSERT INTO [dbo].[TagCategory] ([TagId],[CategoryId]) VALUES ('A4A1B59C-5470-4A07-AFF7-45713CBE3261','86E8832C-0424-47A5-B6FA-9190C51C0124')

INSERT INTO [dbo].[TagCategory] ([TagId],[CategoryId]) VALUES ('443572D6-3545-49B3-850B-FBED35391BC7','2F940A62-394F-4211-A519-2D29C03EBCE6')
INSERT INTO [dbo].[TagCategory] ([TagId],[CategoryId]) VALUES ('7883F66A-AC57-4260-9744-0C33A3782F3F','2F940A62-394F-4211-A519-2D29C03EBCE6')
INSERT INTO [dbo].[TagCategory] ([TagId],[CategoryId]) VALUES ('ECCF605C-83FB-4B77-9D6A-F1B6194373D3','2F940A62-394F-4211-A519-2D29C03EBCE6')
INSERT INTO [dbo].[TagCategory] ([TagId],[CategoryId]) VALUES ('92497AD6-7717-4EF9-B7A8-8CA33D54BFBC','2F940A62-394F-4211-A519-2D29C03EBCE6')
INSERT INTO [dbo].[TagCategory] ([TagId],[CategoryId]) VALUES ('79FF259D-671C-4BB6-9E3E-E0E8F046E143','2F940A62-394F-4211-A519-2D29C03EBCE6')

INSERT INTO [dbo].[TagCategory] ([TagId],[CategoryId]) VALUES ('443572D6-3545-49B3-850B-FBED35391BC7','64CAFD5A-9FD7-4C0E-BBBB-40B6046E9CA0')
INSERT INTO [dbo].[TagCategory] ([TagId],[CategoryId]) VALUES ('7883F66A-AC57-4260-9744-0C33A3782F3F','64CAFD5A-9FD7-4C0E-BBBB-40B6046E9CA0')
INSERT INTO [dbo].[TagCategory] ([TagId],[CategoryId]) VALUES ('BABFAFBF-AB76-4F0B-902C-6DC10AF66443','64CAFD5A-9FD7-4C0E-BBBB-40B6046E9CA0')
INSERT INTO [dbo].[TagCategory] ([TagId],[CategoryId]) VALUES ('8B60E435-4123-473E-9544-5450E3B27665','64CAFD5A-9FD7-4C0E-BBBB-40B6046E9CA0')
INSERT INTO [dbo].[TagCategory] ([TagId],[CategoryId]) VALUES ('3ED73AAA-EDDA-4A4C-8901-E725C61B4F6A','64CAFD5A-9FD7-4C0E-BBBB-40B6046E9CA0')

INSERT INTO [dbo].[TagCategory] ([TagId],[CategoryId]) VALUES ('443572D6-3545-49B3-850B-FBED35391BC7','0E920498-B883-4584-8E0D-E0BD865A84AD')
INSERT INTO [dbo].[TagCategory] ([TagId],[CategoryId]) VALUES ('7883F66A-AC57-4260-9744-0C33A3782F3F','0E920498-B883-4584-8E0D-E0BD865A84AD')
INSERT INTO [dbo].[TagCategory] ([TagId],[CategoryId]) VALUES ('8813A64D-790B-47DA-B95E-AE9D23442E5D','0E920498-B883-4584-8E0D-E0BD865A84AD')
INSERT INTO [dbo].[TagCategory] ([TagId],[CategoryId]) VALUES ('57420908-ADFA-4843-B0DC-4C549A43A1B8','0E920498-B883-4584-8E0D-E0BD865A84AD')

INSERT INTO [dbo].[TagCategory] ([TagId],[CategoryId]) VALUES ('443572D6-3545-49B3-850B-FBED35391BC7','78AFB259-3E30-4957-9409-3485E8231595')
INSERT INTO [dbo].[TagCategory] ([TagId],[CategoryId]) VALUES ('7883F66A-AC57-4260-9744-0C33A3782F3F','78AFB259-3E30-4957-9409-3485E8231595')
INSERT INTO [dbo].[TagCategory] ([TagId],[CategoryId]) VALUES ('A9442CCA-4DBD-4699-8364-C1589D063E20','78AFB259-3E30-4957-9409-3485E8231595')
INSERT INTO [dbo].[TagCategory] ([TagId],[CategoryId]) VALUES ('D7A5CBE6-F93C-46F6-A9AA-1383C771D82E','78AFB259-3E30-4957-9409-3485E8231595')
INSERT INTO [dbo].[TagCategory] ([TagId],[CategoryId]) VALUES ('19A2F41C-5CA8-4C6F-B2B6-C6A1A16DDB44','78AFB259-3E30-4957-9409-3485E8231595')

INSERT INTO [dbo].[TagCategory] ([TagId],[CategoryId]) VALUES ('443572D6-3545-49B3-850B-FBED35391BC7','C82108DB-B1B9-48EC-BB33-F66FB5A9972F')
INSERT INTO [dbo].[TagCategory] ([TagId],[CategoryId]) VALUES ('7883F66A-AC57-4260-9744-0C33A3782F3F','C82108DB-B1B9-48EC-BB33-F66FB5A9972F')
INSERT INTO [dbo].[TagCategory] ([TagId],[CategoryId]) VALUES ('A9442CCA-4DBD-4699-8364-C1589D063E20','C82108DB-B1B9-48EC-BB33-F66FB5A9972F')
INSERT INTO [dbo].[TagCategory] ([TagId],[CategoryId]) VALUES ('D7A5CBE6-F93C-46F6-A9AA-1383C771D82E','C82108DB-B1B9-48EC-BB33-F66FB5A9972F')
INSERT INTO [dbo].[TagCategory] ([TagId],[CategoryId]) VALUES ('7B1A1150-B401-484A-97CE-C735BF0A0A10','C82108DB-B1B9-48EC-BB33-F66FB5A9972F')

INSERT INTO [dbo].[TagCategory] ([TagId],[CategoryId]) VALUES ('443572D6-3545-49B3-850B-FBED35391BC7','8DC39D99-79E7-4DF8-AC86-2268D8AE4FBF')
INSERT INTO [dbo].[TagCategory] ([TagId],[CategoryId]) VALUES ('EBB344F7-76BA-41B4-8648-A7817FB590DE','8DC39D99-79E7-4DF8-AC86-2268D8AE4FBF')
INSERT INTO [dbo].[TagCategory] ([TagId],[CategoryId]) VALUES ('6261C58B-AC7C-4C66-BBEE-036A8B57E9CD','8DC39D99-79E7-4DF8-AC86-2268D8AE4FBF')

INSERT INTO [dbo].[TagCategory] ([TagId],[CategoryId]) VALUES ('443572D6-3545-49B3-850B-FBED35391BC7','21D9429E-FA8E-428D-867A-0B65C245208E')
INSERT INTO [dbo].[TagCategory] ([TagId],[CategoryId]) VALUES ('907D2110-5E9F-4007-A991-501EBB4C5775','21D9429E-FA8E-428D-867A-0B65C245208E')

INSERT INTO [dbo].[TagCategory] ([TagId],[CategoryId]) VALUES ('443572D6-3545-49B3-850B-FBED35391BC7','4487BC35-34F9-4A7F-A761-E649BCEF5382')
INSERT INTO [dbo].[TagCategory] ([TagId],[CategoryId]) VALUES ('F949F3B7-D469-4CEC-862E-74D1CC47F28F','4487BC35-34F9-4A7F-A761-E649BCEF5382')
INSERT INTO [dbo].[TagCategory] ([TagId],[CategoryId]) VALUES ('BF2E72EF-C126-4D06-AD8C-CED373442527','4487BC35-34F9-4A7F-A761-E649BCEF5382')

INSERT INTO [dbo].[TagCategory] ([TagId],[CategoryId]) VALUES ('443572D6-3545-49B3-850B-FBED35391BC7','D713B70F-E7C6-47B5-A108-C9240204A076')
INSERT INTO [dbo].[TagCategory] ([TagId],[CategoryId]) VALUES ('F949F3B7-D469-4CEC-862E-74D1CC47F28F','D713B70F-E7C6-47B5-A108-C9240204A076')
INSERT INTO [dbo].[TagCategory] ([TagId],[CategoryId]) VALUES ('044BC41E-45F4-4465-B259-7319D8AD0292','D713B70F-E7C6-47B5-A108-C9240204A076')

INSERT INTO [dbo].[TagCategory] ([TagId],[CategoryId]) VALUES ('443572D6-3545-49B3-850B-FBED35391BC7','FCCBAD58-ADF8-4724-B36F-B87991732B0E')
INSERT INTO [dbo].[TagCategory] ([TagId],[CategoryId]) VALUES ('FAED2C7C-0851-45AA-9273-6DC4F7FA1049','FCCBAD58-ADF8-4724-B36F-B87991732B0E')

INSERT INTO [dbo].[TagCategory] ([TagId],[CategoryId]) VALUES ('443572D6-3545-49B3-850B-FBED35391BC7','BBE029B4-BD19-4B67-B1DB-D4437516FEEB')
INSERT INTO [dbo].[TagCategory] ([TagId],[CategoryId]) VALUES ('5DD32096-5EB5-4F06-843E-534E74F0EE1F','BBE029B4-BD19-4B67-B1DB-D4437516FEEB')