{
  "properties": {
    "connectionReferences": {
      "shared_commondataserviceforapps": {
        "runtimeSource": "embedded",
        "connection": {
          "connectionReferenceLogicalName": "new_sharedcommondataserviceforapps_3fa80"
        },
        "api": {
          "name": "shared_commondataserviceforapps"
        }
      }
    },
    "definition": {
      "$schema": "https://schema.management.azure.com/providers/Microsoft.Logic/schemas/2016-06-01/workflowdefinition.json#",
      "contentVersion": "1.0.0.0",
      "parameters": {
        "$connections": {
          "defaultValue": {},
          "type": "Object"
        },
        "$authentication": {
          "defaultValue": {},
          "type": "SecureObject"
        }
      },
      "triggers": {
        "Row_modified_in_'Data_import_jobs'_table": {
          "metadata": {
            "operationMetadataId": "860fbb1e-2fc7-4c75-82d3-b84b28d055a7"
          },
          "type": "OpenApiConnectionWebhook",
          "inputs": {
            "host": {
              "connectionName": "shared_commondataserviceforapps",
              "operationId": "SubscribeWebhookTrigger",
              "apiId": "/providers/Microsoft.PowerApps/apis/shared_commondataserviceforapps"
            },
            "parameters": {
              "subscriptionRequest/message": 1,
              "subscriptionRequest/entityname": "msdyn_dataimportjob",
              "subscriptionRequest/scope": 4,
              "subscriptionRequest/filterexpression": "_msdyn_dataconnector_value eq c5ee4458-ab35-4d89-bd90-b2df5bd5e337"
            },
            "authentication": "@parameters('$authentication')"
          }
        }
      },
      "actions": {
        "Get_Connection_and_Credential": {
          "runAfter": {
            "Initialise_Array_of_CarbonActivities": [
              "Succeeded"
            ]
          },
          "metadata": {
            "operationMetadataId": "6c506636-8206-4add-8aca-2459c50a6ec3"
          },
          "type": "OpenApiConnection",
          "inputs": {
            "host": {
              "connectionName": "shared_commondataserviceforapps",
              "operationId": "GetItem",
              "apiId": "/providers/Microsoft.PowerApps/apis/shared_commondataserviceforapps"
            },
            "parameters": {
              "entityName": "msdyn_dataconnections",
              "recordId": "@triggerBody()?['_msdyn_dataconnection_value']",
              "$expand": "msdyn_providercredentialid"
            },
            "authentication": "@parameters('$authentication')"
          }
        },
        "Parse_JSON": {
          "runAfter": {
            "Get_Connection_and_Credential": [
              "Succeeded"
            ]
          },
          "metadata": {
            "operationMetadataId": "b74c0688-a230-42e2-84d9-ea126377084b"
          },
          "type": "ParseJson",
          "inputs": {
            "content": "@outputs('Get_Connection_and_Credential')?['body/msdyn_providercredentialid/msdyn_credentialsecret']",
            "schema": {
              "type": "object",
              "properties": {
                "msmLanguageId": {
                  "type": "string"
                },
                "username": {
                  "type": "string"
                },
                "password": {
                  "type": "string"
                }
              }
            }
          }
        },
        "Call_Willow_carbon-activity_API": {
          "runAfter": {
            "Create_connection_refresh": [
              "Succeeded"
            ]
          },
          "metadata": {
            "operationMetadataId": "dca5ff2c-c7a5-4a89-b8bb-ecc4fb51b498"
          },
          "type": "Http",
          "inputs": {
            "method": "POST",
            "uri": "https://ddk.app.willowinc.com/msm/carbon-activity",
            "headers": {
              "Content-Type": "application/json"
            },
            "body": {
              "entityName": "PurchasedEnergy",
              "aggregationWindow": "None",
              "organizationalUnitId": "DDK Investments",
              "organizationShortName": "ddk",
              "clientId": "af6d2ea2e9364b26ae6d565b5b77847c",
              "clientSecret": "4ns8hwRqCAV4vFrPx10mXcSz4CjTeTiV",
              "watermarkDate": "2024-01-01"
            }
          }
        },
        "Create_a_data_connection_map": {
          "runAfter": {
            "Parse_JSON": [
              "Succeeded"
            ]
          },
          "metadata": {
            "operationMetadataId": "2fa9c2dd-ac72-4594-a96e-e8fc6136c430"
          },
          "type": "OpenApiConnection",
          "inputs": {
            "host": {
              "connectionName": "shared_commondataserviceforapps",
              "operationId": "CreateRecord",
              "apiId": "/providers/Microsoft.PowerApps/apis/shared_commondataserviceforapps"
            },
            "parameters": {
              "entityName": "msdyn_sustainabilitydataconnectionmaps",
              "item/msdyn_dataconnection@odata.bind": "/msdyn_dataconnections(msdyn_dataconnectionid=@{outputs('Get_connection_and_credential')?['body/msdyn_dataconnectionid']})",
              "item/msdyn_datadefinition@odata.bind": "/msdyn_sustainabilitydatadefinitions(msdyn_sustainabilitydatadefinitionid=35c356cc-3edb-44aa-8243-9ad44f4d6ed4)",
              "item/msdyn_name": "Map-@{guid()}"
            },
            "authentication": "@parameters('$authentication')"
          }
        },
        "Create_connection_refresh": {
          "runAfter": {
            "Create_a_data_connection_map": [
              "Succeeded"
            ]
          },
          "metadata": {
            "operationMetadataId": "6eb07c28-38cc-4425-89a9-4b7a7e9825c1"
          },
          "type": "OpenApiConnection",
          "inputs": {
            "host": {
              "connectionName": "shared_commondataserviceforapps",
              "operationId": "CreateRecord",
              "apiId": "/providers/Microsoft.PowerApps/apis/shared_commondataserviceforapps"
            },
            "parameters": {
              "entityName": "msdyn_dataconnectionrefreshes",
              "item/msdyn_dataconnection@odata.bind": "/msdyn_dataconnections(msdyn_dataconnectionid=@{triggerOutputs()?['body/_msdyn_dataconnection_value']})",
              "item/msdyn_dataflowid": "Willow MSM Connector",
              "item/msdyn_dataflowname": "Willow MSM Connector",
              "item/msdyn_name": "willow-connector-@{guid()}",
              "item/msdyn_nextrefresh": "@utcNow()",
              "item/msdyn_startedat": "@utcNow()",
              "item/msdyn_dataconnectionmap@odata.bind": "/msdyn_sustainabilitydataconnectionmaps(msdyn_sustainabilitydataconnectionmapid=@{outputs('Create_a_data_connection_map')?['body/msdyn_sustainabilitydataconnectionmapid']})",
              "item/msdyn_dataimportjob@odata.bind": "/msdyn_dataimportjobs(msdyn_dataimportjobid=@{triggerOutputs()?['body/msdyn_dataimportjobid']})"
            },
            "authentication": "@parameters('$authentication')"
          }
        },
        "Initialise_Array_of_CarbonActivities": {
          "runAfter": {},
          "metadata": {
            "operationMetadataId": "6c53195c-c89e-4ddd-9986-ef2feadabe64"
          },
          "type": "InitializeVariable",
          "inputs": {
            "variables": [
              {
                "name": "CarbonActivities",
                "type": "array"
              }
            ]
          }
        },
        "Convert_JSON_Response_Objects_into_an_Array_variable": {
          "foreach": "@body('Call_Willow_carbon-activity_API')",
          "actions": {
            "Append_to_array_variable": {
              "runAfter": {},
              "metadata": {
                "operationMetadataId": "6b6c5748-870a-438a-a6eb-53534dff50e3"
              },
              "type": "AppendToArrayVariable",
              "inputs": {
                "name": "CarbonActivities",
                "value": "@item()"
              }
            }
          },
          "runAfter": {
            "Call_Willow_carbon-activity_API": [
              "Succeeded"
            ]
          },
          "metadata": {
            "operationMetadataId": "93b9a87d-4fb6-4fed-8880-19b5bdbe28e2"
          },
          "type": "Foreach"
        },
        "Create_CSV_table_from_CarbonActivities_Array": {
          "runAfter": {
            "Convert_JSON_Response_Objects_into_an_Array_variable": [
              "Succeeded"
            ]
          },
          "metadata": {
            "operationMetadataId": "1d00a781-37d5-4df5-896f-937758c6748f"
          },
          "type": "Table",
          "inputs": {
            "from": "@variables('CarbonActivities')",
            "format": "CSV"
          }
        },
        "Upload_a_file_to_Connection_refreshes_table": {
          "runAfter": {
            "Create_CSV_table_from_CarbonActivities_Array": [
              "Succeeded"
            ]
          },
          "metadata": {
            "operationMetadataId": "d16ddf59-63b4-48da-91d0-ea9758889d12"
          },
          "type": "OpenApiConnection",
          "inputs": {
            "host": {
              "connectionName": "shared_commondataserviceforapps",
              "operationId": "UpdateEntityFileImageFieldContent",
              "apiId": "/providers/Microsoft.PowerApps/apis/shared_commondataserviceforapps"
            },
            "parameters": {
              "entityName": "msdyn_dataconnectionrefreshes",
              "recordId": "@body('Create_connection_refresh')?['msdyn_dataconnectionrefreshid']",
              "fileImageFieldName": "msdyn_thirdpartyflowdata",
              "item": "@body('Create_CSV_table_from_CarbonActivities_Array')",
              "x-ms-file-name": "Upload CSV table to connection refresh"
            },
            "authentication": "@parameters('$authentication')"
          }
        },
        "Trigger_Ingestion": {
          "runAfter": {
            "Upload_a_file_to_Connection_refreshes_table": [
              "Succeeded"
            ]
          },
          "metadata": {
            "operationMetadataId": "c2887d5d-64d5-492a-9c87-30068ec0ca07"
          },
          "type": "OpenApiConnection",
          "inputs": {
            "host": {
              "connectionName": "shared_commondataserviceforapps",
              "operationId": "PerformUnboundAction",
              "apiId": "/providers/Microsoft.PowerApps/apis/shared_commondataserviceforapps"
            },
            "parameters": {
              "actionName": "msdyn_trigger3PIngestionService",
              "item/dataImportJobId": "@triggerBody()?['msdyn_dataimportjobid']"
            },
            "authentication": "@parameters('$authentication')"
          }
        }
      },
      "outputs": {}
    },
    "templateName": ""
  },
  "schemaVersion": "1.0.0.0"
}