model,id,manufacturedByRef.targetId,manufacturedByRef.name,manufacturedByRef.targetModelId,installedByRef.targetId,installedByRef.name,installedByRef.targetModelId,commissionedByRef.targetId,commissionedByRef.name,commissionedByRef.targetModelId,ownedByRef.targetId,ownedByRef.name,ownedByRef.targetModelId,serviceProviderRef.targetId,serviceProviderRef.name,serviceProviderRef.targetModelId,serviceResponsibilityRef.targetId,serviceResponsibilityRef.name,serviceResponsibilityRef.targetModelId,geometryViewerID,geometrySpatialReference,geometryExternalID,uniqueID,externalID,description,siteID,landId,Software,comments,alternateClassification.masterFormat,alternateClassification.omniClass,alternateClassification.uniFormat,alternateClassification.uniclass,alternateClassification.projectHaystack,alternateClassification.brickSchema,tags,customTags,serialNumber,physicalTagNumber,modelNumber,MACAddress,IPAddress,weight,turnoverDate,maintenanceInterval,installationDate,initialCost,expectedReplacementCost,expectedLife,expectedEndOfLife,commissionDate,externalIds,name,type,kFactorMetric,kFactorImperial
dtmi:com:willowinc:FireSprinklerHead;1,BPY-1MW-SPRNK-L26-02460,,,,,,,,,,,,,,,,,,,42822133-f599-54d8-a16c-95a13c0c83d3,Fire Protection,,00600000-0000-0000-0000-000000924630,,,4e5fc229-ffd9-462a-882b-16b4a63b2a8a,,,SPRIG,,,,,,,,,,,,,,,,,,,,,,,,"Sprinkler Head SPRIG ",,,
dtmi:com:willowinc:FireSprinklerHead;1,BPY-1MW-SPRNK-L43-03911,,,,,,,,,,,,,,,,,,,613c5de9-1a82-5e70-970d-dd7fffead71c,Fire Protection,,00600000-0000-0000-0000-000000926027,,,4e5fc229-ffd9-462a-882b-16b4a63b2a8a,,,SPRIG,,,,,,,,,,,,,,,,,,,,,,,,"Sprinkler Head SPRIG ",,,
dtmi:com:willowinc:FireSprinklerHead;1,BPY-1MW-SPRNK-L04-00347,,,,,,,,,,,,,,,,,,,3acf01d4-aaa0-5552-8a19-dfdb7474a55c,Fire Protection,,00600000-0000-0000-0000-000000922684,,,4e5fc229-ffd9-462a-882b-16b4a63b2a8a,,,SPRIG,,,,,,,,,,,,,,,,,,,,,,,,"Sprinkler Head SPRIG ",,,
dtmi:com:willowinc:FireSprinklerHead;1,BPY-1MW-SPRNK-L69-06146,,,,,,,,,,,,,,,,,,,e5528a4f-27d3-5dca-8f4e-75fa400340be,Fire Protection,,00600000-0000-0000-0000-000000928343,,,4e5fc229-ffd9-462a-882b-16b4a63b2a8a,,,UPR,,,,,,,,,,,,,,,,,,,,,,,,Sprinkler Head UPR,,,
dtmi:com:willowinc:FireSprinklerHead;1,BPY-1MW-SPRNK-L61-05260,,,,,,,,,,,,,,,,,,,a9db3e1b-8e65-55f7-bcf8-184d2f5165fe,Fire Protection,,00600000-0000-0000-0000-000000927462,,,4e5fc229-ffd9-462a-882b-16b4a63b2a8a,,,UPR,,,,,,,,,,,,,,,,,,,,,,,,Sprinkler Head UPR,,,
dtmi:com:willowinc:FireSprinklerHead;1,BPY-1MW-SPRNK-L44-03944,,,,,,,,,,,,,,,,,,,ec52f99b-73cf-59bc-ba85-d7a5cdba1009,Fire Protection,,00600000-0000-0000-0000-000000926170,,,4e5fc229-ffd9-462a-882b-16b4a63b2a8a,,,SPRIG,,,,,,,,,,,,,,,,,,,,,,,,"Sprinkler Head SPRIG ",,,
dtmi:com:willowinc:FireSprinklerHead;1,BPY-1MW-SPRNK-L50-04451,,,,,,,,,,,,,,,,,,,5185ea34-a88d-5e3f-8fc1-efc26176be99,Fire Protection,,00600000-0000-0000-0000-000000926652,,,4e5fc229-ffd9-462a-882b-16b4a63b2a8a,,,DPEND,,,,,,,,,,,,,,,,,,,,,,,,Sprinkler Head DPEND,,,
dtmi:com:willowinc:FireSprinklerHead;1,BPY-1MW-SPRNK-L68-06003,,,,,,,,,,,,,,,,,,,d03b30bd-0369-5812-80eb-ebfe726ee7cf,Fire Protection,,00600000-0000-0000-0000-000000928003,,,4e5fc229-ffd9-462a-882b-16b4a63b2a8a,,,UPR,,,,,,,,,,,,,,,,,,,,,,,,Sprinkler Head UPR,,,
dtmi:com:willowinc:FireSprinklerHead;1,BPY-1MW-SPRNK-L66-05597,,,,,,,,,,,,,,,,,,,9937a531-4fa4-588e-97b6-290e69c9e2d7,Fire Protection,,00600000-0000-0000-0000-000000927816,,,4e5fc229-ffd9-462a-882b-16b4a63b2a8a,,,SPRIG,,,,,,,,,,,,,,,,,,,,,,,,"Sprinkler Head SPRIG ",,,
dtmi:com:willowinc:FireSprinklerHead;1,BPY-1MW-SPRNK-L49-04371,,,,,,,,,,,,,,,,,,,c2fedf2c-874f-5dbb-b1e3-e49e5da822d4,Fire Protection,,00600000-0000-0000-0000-000000926575,,,4e5fc229-ffd9-462a-882b-16b4a63b2a8a,,,UPR,,,,,,,,,,,,,,,,,,,,,,,,Sprinkler Head UPR,,,
dtmi:com:willowinc:FireSprinklerHead;1,BPY-1MW-SPRNK-LCB-06724,,,,,,,,,,,,,,,,,,,438c87ad-df20-58e6-aedd-fa5ade1519a2,Fire Protection,,00600000-0000-0000-0000-000000921771,,,4e5fc229-ffd9-462a-882b-16b4a63b2a8a,,,UPR,,,,,,,,,,,,,,,,,,,,,,,,Sprinkler Head UPR,,,
dtmi:com:willowinc:FireSprinklerHead;1,BPY-1MW-SPRNK-L65-05506,,,,,,,,,,,,,,,,,,,a6c983a9-cb22-58a1-a1a6-25b8b726beec,Fire Protection,,00600000-0000-0000-0000-000000927771,,,4e5fc229-ffd9-462a-882b-16b4a63b2a8a,,,SPRIG,,,,,,,,,,,,,,,,,,,,,,,,"Sprinkler Head SPRIG ",,,
dtmi:com:willowinc:FireSprinklerHead;1,BPY-1MW-SPRNK-L64-05484,,,,,,,,,,,,,,,,,,,b84cb688-8913-5b24-b399-52f605008603,Fire Protection,,00600000-0000-0000-0000-000000927658,,,4e5fc229-ffd9-462a-882b-16b4a63b2a8a,,,DPEND,,,,,,,,,,,,,,,,,,,,,,,,Sprinkler Head DPEND,,,
dtmi:com:willowinc:FireSprinklerHead;1,BPY-1MW-SPRNK-LCB-06413,,,,,,,,,,,,,,,,,,,817c391b-bfa5-54e8-8c47-5f5ccf367551,Fire Protection,,00600000-0000-0000-0000-000000922082,,,4e5fc229-ffd9-462a-882b-16b4a63b2a8a,,,UPR,,,,,,,,,,,,,,,,,,,,,,,,Sprinkler Head UPR,,,
dtmi:com:willowinc:FireSprinklerHead;1,BPY-1MW-SPRNK-L68-06024,,,,,,,,,,,,,,,,,,,9d18df38-8f18-56b9-a27e-746d959184fe,Fire Protection,,00600000-0000-0000-0000-000000927982,,,4e5fc229-ffd9-462a-882b-16b4a63b2a8a,,,SPRIG,,,,,,,,,,,,,,,,,,,,,,,,"Sprinkler Head SPRIG ",,,
dtmi:com:willowinc:FireSprinklerHead;1,BPY-1MW-SPRNK-L31-02892,,,,,,,,,,,,,,,,,,,bdfc9ee3-60f2-5941-aab5-21a04bbe196b,Fire Protection,,00600000-0000-0000-0000-000000925054,,,4e5fc229-ffd9-462a-882b-16b4a63b2a8a,,,SPRIG,,,,,,,,,,,,,,,,,,,,,,,,"Sprinkler Head SPRIG ",,,
dtmi:com:willowinc:FireSprinklerHead;1,BPY-1MW-SPRNK-L24-02256,,,,,,,,,,,,,,,,,,,5766ba8c-8119-5c20-967f-eb6795c1d1a1,Fire Protection,,00600000-0000-0000-0000-000000924492,,,4e5fc229-ffd9-462a-882b-16b4a63b2a8a,,,SPRIG,,,,,,,,,,,,,,,,,,,,,,,,"Sprinkler Head SPRIG ",,,
dtmi:com:willowinc:FireSprinklerHead;1,BPY-1MW-SPRNK-L38-03409,,,,,,,,,,,,,,,,,,,e0b7decd-76ae-51bd-bf20-38b23f5ac7cf,Fire Protection,,00600000-0000-0000-0000-000000925693,,,4e5fc229-ffd9-462a-882b-16b4a63b2a8a,,,SPRIG,,,,,,,,,,,,,,,,,,,,,,,,"Sprinkler Head SPRIG ",,,
dtmi:com:willowinc:FireSprinklerHead;1,BPY-1MW-SPRNK-L36-03271,,,,,,,,,,,,,,,,,,,ec2b204f-7cd5-54a5-8732-562c97d03497,Fire Protection,,00600000-0000-0000-0000-000000925502,,,4e5fc229-ffd9-462a-882b-16b4a63b2a8a,,,SPRIG,,,,,,,,,,,,,,,,,,,,,,,,"Sprinkler Head SPRIG ",,,
dtmi:com:willowinc:FireSprinklerHead;1,BPY-1MW-SPRNK-L62-05342,,,,,,,,,,,,,,,,,,,d905ac44-21a1-5670-b655-9d1c6adbd81d,Fire Protection,,00600000-0000-0000-0000-000000927518,,,4e5fc229-ffd9-462a-882b-16b4a63b2a8a,,,DPEND,,,,,,,,,,,,,,,,,,,,,,,,Sprinkler Head DPEND,,,
dtmi:com:willowinc:FireSprinklerHead;1,BPY-1MW-SPRNK-L44-03976,,,,,,,,,,,,,,,,,,,ac9f4cba-5670-5c3c-99c6-6badd39142fc,Fire Protection,,00600000-0000-0000-0000-000000926138,,,4e5fc229-ffd9-462a-882b-16b4a63b2a8a,,,UPR,,,,,,,,,,,,,,,,,,,,,,,,Sprinkler Head UPR,,,
dtmi:com:willowinc:FireSprinklerHead;1,BPY-1MW-SPRNK-L71-06225,,,,,,,,,,,,,,,,,,,667bc8b9-51ea-563c-977a-7ab12beae8e3,Fire Protection,,00600000-0000-0000-0000-000000929850,,,4e5fc229-ffd9-462a-882b-16b4a63b2a8a,,,UPR,,,,,,,,,,,,,,,,,,,,,,,,Sprinkler Head UPR,,,
dtmi:com:willowinc:FireSprinklerHead;1,BPY-1MW-SPRNK-L65-05533,,,,,,,,,,,,,,,,,,,9ec4b901-9774-5086-ba02-8b5393084098,Fire Protection,,00600000-0000-0000-0000-000000927744,,,4e5fc229-ffd9