model,id,manufacturedByRef.targetId,manufacturedByRef.name,manufacturedByRef.targetModelId,installedByRef.targetId,installedByRef.name,installedByRef.targetModelId,commissionedByRef.targetId,commissionedByRef.name,commissionedByRef.targetModelId,ownedByRef.targetId,ownedByRef.name,ownedByRef.targetModelId,serviceProviderRef.targetId,serviceProviderRef.name,serviceProviderRef.targetModelId,serviceResponsibilityRef.targetId,serviceResponsibilityRef.name,serviceResponsibilityRef.targetModelId,geometryViewerID,geometrySpatialReference,geometryExternalID,uniqueID,externalID,description,siteID,landId,Software,comments,alternateClassification.masterFormat,alternateClassification.omniClass,alternateClassification.uniFormat,alternateClassification.uniclass,alternateClassification.projectHaystack,alternateClassification.brickSchema,tags,customTags,serialNumber,physicalTagNumber,modelNumber,MACAddress,IPAddress,weight,turnoverDate,maintenanceInterval,installationDate,initialCost,expectedReplacementCost,expectedLife,expectedEndOfLife,commissionDate,externalIds,name,service,leakageClass,bladeType,ductInlet.size,ductInlet.shape,ductInlet.configuration,ductInlet.serialNumber,ductInlet.physicalTagNumber,ductInlet.modelNumber,ductInlet.MACAddress,ductInlet.IPAddress,ductInlet.weight,ductInlet.turnoverDate,ductInlet.maintenanceInterval,ductInlet.installationDate,ductInlet.initialCost,ductInlet.expectedReplacementCost,ductInlet.expectedLife,ductInlet.expectedEndOfLife,ductInlet.commissionDate,ductInlet.externalIds,ductInlet.name,fireRating
dtmi:com:willowinc:FireSmokeDamper;1,BPY-1MW-FSD-52-08,,,,,,,,,,,,,,,,,,,3c904e6d-67b3-566e-84a2-c6c142ff8e72,Mechanical,,00600000-0000-0000-0000-000000915206,FSD-52-08,,4e5fc229-ffd9-462a-882b-16b4a63b2a8a,,,A5,,,,,,,,,,,,,,,,,,,,,,,,Damper FSD-52-08,,,,,,,,,,,,,,,,,,,,,,,
dtmi:com:willowinc:FireSmokeDamper;1,BPY-1MW-ALD-34-02,,,,,,,,,,,,,,,,,,,c45b6be3-02ca-57e4-826a-f6318388d909,Mechanical,,00600000-0000-0000-0000-000000914547,ALD-34-02,,4e5fc229-ffd9-462a-882b-16b4a63b2a8a,,,D6,,,,,,,,,,,,,,,,,,,,,,,,Damper ALD-34-02,,,,,,,,,,,,,,,,,,,,,,,
dtmi:com:willowinc:FireSmokeDamper;1,BPY-1MW-FD-23-A,,,,,,,,,,,,,,,,,,,e5629e93-4aa1-5fb7-90d1-879ef5273da2,Mechanical,,910ffc04-a033-47e2-99f3-9688ed6bee39,FD-23-A,,4e5fc229-ffd9-462a-882b-16b4a63b2a8a,,,,,,,,,,,,,,,,,,,,,,,,,,,Fire Damper FD-23-A,,,,,,,,,,,,,,,,,,,,,,,
dtmi:com:willowinc:FireSmokeDamper;1,BPY-1MW-FSD-26-06,,,,,,,,,,,,,,,,,,,6f2cbb0f-cde8-5e73-a9fe-82b2d03843af,Mechanical,,00600000-0000-0000-0000-000000914954,FSD-26-06,,4e5fc229-ffd9-462a-882b-16b4a63b2a8a,,,A5,,,,,,,,,,,,,,,,,,,,,,,,Damper FSD-26-06,,,,,,,,,,,,,,,,,,,,,,,
dtmi:com:willowinc:FireSmokeDamper;1,BPY-1MW-FSD-51-11,,,,,,,,,,,,,,,,,,,929f8e9f-b7aa-58ec-94da-5b61f85aeb93,Mechanical,,00600000-0000-0000-0000-000000915201,FSD-51-11,,4e5fc229-ffd9-462a-882b-16b4a63b2a8a,,,C2,,,,,,,,,,,,,,,,,,,,,,,,Damper FSD-51-11,,,,,,,,,,,,,,,,,,,,,,,
dtmi:com:willowinc:FireSmokeDamper;1,BPY-1MW-SD-68-03,,,,,,,,,,,,,,,,,,,a2cbd647-5673-514d-82ae-da3da176f871,Mechanical,,00600000-0000-0000-0000-00