model,id,manufacturedByRef.targetId,manufacturedByRef.name,manufacturedByRef.targetModelId,installedByRef.targetId,installedByRef.name,installedByRef.targetModelId,commissionedByRef.targetId,commissionedByRef.name,commissionedByRef.targetModelId,ownedByRef.targetId,ownedByRef.name,ownedByRef.targetModelId,serviceProviderRef.targetId,serviceProviderRef.name,serviceProviderRef.targetModelId,serviceResponsibilityRef.targetId,serviceResponsibilityRef.name,serviceResponsibilityRef.targetModelId,geometryViewerID,geometrySpatialReference,geometryExternalID,uniqueID,externalID,description,siteID,landId,Software,comments,alternateClassification.masterFormat,alternateClassification.omniClass,alternateClassification.uniFormat,alternateClassification.uniclass,alternateClassification.projectHaystack,alternateClassification.brickSchema,tags,customTags,serialNumber,physicalTagNumber,modelNumber,MACAddress,IPAddress,weight,turnoverDate,maintenanceInterval,installationDate,initialCost,expectedReplacementCost,expectedLife,expectedEndOfLife,commissionDate,externalIds,name,powerInput,mounting
dtmi:com:willowinc:Luminaire;1,BPY-1MW-LUM-L30-401-01442,,,,,,,,,,,,,,,,,,,b246d1e9-c57f-4c37-b29e-b684101f8086,Electrical,,00600000-0000-0000-0000-000000918998,,,4e5fc229-ffd9-462a-882b-16b4a63b2a8a,,,,,,,,,,,,,,,,,,,,,,,,,,,Light Fixture BC,,
dtmi:com:willowinc:Luminaire;1,BPY-1MW-LUM-L10-101-00360,,,,,,,,,,,,,,,,,,,89ea26df-54bb-4daf-a930-f8cee7c7bfa8,Electrical,,00600000-0000-0000-0000-000000917820,,,4e5fc229-ffd9-462a-882b-16b4a63b2a8a,,,,,,,,,,,,,,,,,,,,,,,,,,,Light Fixture BC,,
dtmi:com:willowinc:Luminaire;1,BPY-1MW-LUM-L56-101-02403,,,,,,,,,,,,,,,,,,,67637c7f-a4dd-40ac-b5a9-cbaa854ed9a8,Electrical,,00600000-0000-0000-0000-000000920053,,,4e5fc229-ffd9-462a-882b-16b4a63b2a8a,,,,,,,,,,,,,,,,,,,,,,,,,,,Light Fixture BC,,
dtmi:com:willowinc:Luminaire;1,BPY-1MW-LUM-L28-401-01329,,,,,,,,,,,,,,,,,,,b246d1e9-c57f-4c37-b29e-b684101f8769,Electrical,,00600000-0000-0000-0000-000000918907,,,4e5fc229-ffd9-462a-882b-16b4a63b2a8a,,,,,,,,,,,,,,,,,,,,,,,,,,,Light Fixture BC,,
dtmi:com:willowinc:Luminaire;1,BPY-1MW-LUM-L21-300-00957,,,,,,,,,,,,,,,,,,,6da068b9-4264-48c3-b5e5-f963af915620,Electrical,,00600000-0000-0000-0000-000000918526,,,4e5fc229-ffd9-462a-882b-16b4a63b2a8a,,,EM,,,,,,,,,,,,,,,,,,,,,,,,Light Fixture BC,,
dtmi:com:willowinc:Luminaire;1,BPY-1MW-LUM-L10-300-00379,,,,,,,,,,,,,,,,,,,89ea26df-54bb-4daf-a930-f8cee7c7bf96,Electrical,,00600000-0000-0000-0000-000000917828,,,4e5fc229-ffd9-462a-882b-16b4a63b2a8a,,,,,,,,,,,,,,,,,,,,,,,,,,,Light Fixture BC,,
dtmi:com:willowinc:Luminaire;1,BPY-1MW-LUM-L56-102-02434,,,,,,,,,,,,,,,,,,,67637c7f-a4dd-40ac-b5a9-cbaa854ed9ee,Electrical,,00600000-0000-0000-0000-000000920022,,,4e5fc229-ffd9-462a-882b-16b4a63b2a8a,,,EM,,,,,,,,,,,,,,,,,,,,,,,,Light Fixture BC,,
dtmi:com:willowinc:Luminaire;1,BPY-1MW-LUM-L07-200-00194,,,,,,,,,,,,,,,,,,,87702a0d-d3ae-4f14-92de-a50941f67ef6,Electrical,,00600000-0000-0000-0000-000000917635,,,4e5fc229-ffd9-462a-882b-16b4a63b2a8a,,,EM/NL,,,,,,,,,,,,,,,,,,,,,,,,Light Fixture FF,,
dtmi