model,id,manufacturedByRef.targetId,manufacturedByRef.name,manufacturedByRef.targetModelId,installedByRef.targetId,installedByRef.name,installedByRef.targetModelId,commissionedByRef.targetId,commissionedByRef.name,commissionedByRef.targetModelId,ownedByRef.targetId,ownedByRef.name,ownedByRef.targetModelId,serviceProviderRef.targetId,serviceProviderRef.name,serviceProviderRef.targetModelId,serviceResponsibilityRef.targetId,serviceResponsibilityRef.name,serviceResponsibilityRef.targetModelId,geometryViewerID,geometrySpatialReference,geometryExternalID,uniqueID,externalID,description,siteID,landId,Software,comments,alternateClassification.masterFormat,alternateClassification.omniClass,alternateClassification.uniFormat,alternateClassification.uniclass,alternateClassification.projectHaystack,alternateClassification.brickSchema,tags,customTags,serialNumber,physicalTagNumber,modelNumber,MACAddress,IPAddress,weight,turnoverDate,maintenanceInterval,installationDate,initialCost,expectedReplacementCost,expectedLife,expectedEndOfLife,commissionDate,externalIds,name,width,thickness,service,material,height,frameMaterial,fireRating
dtmi:com:willowinc:Window;1,BPY-1MW-U1-301-51-1J-06337,,,,,,,,,,,,,,,,,,,b5e8be59-b585-499a-9a22-c369aa70a572,Architecture,,00600000-0000-0000-0000-000001558750,U1-301_51-1J,,4e5fc229-ffd9-462a-882b-16b4a63b2a8a,,,U1-301,,,,,,,,,,,,,,,,,,,,,,,,Glazing System U1-301_51-1J,,,,,,,
dtmi:com:willowinc:Window;1,BPY-1MW-U1-068S-15-25A-01438,,,,,,,,,,,,,,,,,,,b5e8be59-b585-499a-9a22-c369aa708d7f,Architecture,,00600000-0000-0000-0000-000001553878,U1-068S_15-25A,,4e5fc229-ffd9-462a-882b-16b4a63b2a8a,,,U1-068S,,,,,,,,,,,,,,,,,,,,,,,,Glazing System U1-068S_15-25A,,,,,,,
dtmi:com:willowinc:Window;1,BPY-1MW-U1-001S5-06-1V-00402,,,,,,,,,,,,,,,,,,,b5e8be59-b585-499a-9a22-c369aa70a7d3,Architecture,,00600000-0000-0000-0000-000001552701,U1-001S5_06-1V,,4e5fc229-ffd9-462a-882b-16b4a63b2a8a,,,U1-001S5,,,,,,,,,,,,,,,,,,,,,,,,Glazing System U1-001S5_06-1V,,,,,,,
dtmi:com:willowinc:Window;1,BPY-1MW-U1-368-50-10B-06254,,,,,,,,,,,,,,,,,,,b5e8be59-b585-499a-9a22-c369aa709c7b,Architecture,,00600000-0000-0000-0000-000001558581,U1-368_50-10B,,4e5fc229-ffd9-462a-882b-16b4a63b2a8a,,,U1-368,,,,,,,,,,,,,,,,,,,,,,,,Glazing System U1-368_50-10B,,,,,,,
dtmi:com:willowinc:Window;1,BPY-1MW-U1-380-32-18A-03786,,,,,,,,,,,,,,,,,,,b5e8be59-b585-499a-9a22-c369aa7096d4,Architecture,,00600000-0000-0000-0000-000001556143,U1-380_32-18A,,4e5fc229-ffd9-462a-882b-16b4a63b2a8a,,,U1-380,,,,,,,,,,,,,,,,,,,,,,,,Glazing System U1-380_32-18A,,,,,,,
dtmi:com:willowinc:Window;1,BPY-1MW-U1-003-17-23J-01713,,,,,,,,,,,,,,,,,,,b5e8be59-b585-499a-9a22-c369aa70a0ec,Architecture,,00600000-0000-0000-0000-000001554155,U1-003_17-23J,,4e5fc229-ffd9-462a-882b-16b4a63b2a8a,,,U1-003,,,,,,,,,,,,,,,,,,,,,,,,Glazing System U1-003_17-23J,,,,,,,
dtmi:com:willowinc:Window;1,BPY-1MW-U1-301-22-1AJ-02427,,,,,,,,,,,,,,,,,,,b5e8be59-b585-499a-9a22-c369aa70a555,Architecture,,00600000-0000-0000-0000-000001554814,U1-301_22-1AJ,,4e5fc229-ffd9-462a-882b-16b4a63b2a8a,,,U1-301,,,,,,,,,,,,,,,,,,,,,,,,Glazing System U1-301_22-1AJ,,,,,,,
dtmi:com:willowinc:Window;1,BPY-1MW-U2-439-30-34A-03457,,,,,,,,,,,,,,,,,,,b5e8be59-b585-499a-9a22-c369aa7092c1,Architecture,,00600000-0000-0000-0000-000001555939,U2-439_30-34A,,4e5fc229-ffd9-462a-882b-16b4a63b2a8a,,,U2-439,,,,,,,,,,,,,,,,,,,,,,,,Glazing System U2-439_30-34A,,,,,,,
dtmi:com:willowinc:Window;1,BPY-1MW-U1-302-57-3D-07055,,,,,,,,,,,,,,,,,,,b5e8be59-b585-499a-9a22-c369aa709ea6,Architecture,,00600000-0000-0000-0000-000001559542,U1-302_57-3D,,4e5fc229-ffd9-462a-882b-16b4a63b2a8a,,,U1-302,,,,,,,,,,,,,,,,,,,,,,,,Glazing System U1-302_57-3D,,,,,,,
dtmi:com:willowinc:Window;1,BPY-1MW-U1-301-53-1AE-06605,,,,,,,,,,,,,,,,,,,b5e8be59-b585-499a-9a22-c369aa709a68,Architecture,,00600000-0000-0000-0000-000001558986,U1-301_53-1AE,,4e5fc229-ffd9-462a-882b-16b4a63b2a8a,,,U1-301,,,,,,,,,,,,,,,,,,,,,,,,Glazing System U1-301_53-1AE,,,,,,,
dtmi:com:willowinc:Window;1,BPY-1MW-U3-217-34-56A-03956,,,,,,,,,,,,,,,,,,,b5e8be59-b585-499a-9a22-c369aa70a0b1,Architecture,,00600000-0000-0000-0000-000001556503,U3-217_34-56A,,4e5fc229-ffd9-462a-882b-16b4a63b2a8a,,,U3-217,,,,,,,,,,,,,,,,,,,,,,,,Glazing System U3-217_34-56A,,,,,,,
dtmi:com:willowinc:Window;1,BPY-1MW-U1-301-49-1O-06084,,,,,,,,,,,,,,,,,,,b5e8be59-b585-499a-9a22-c369aa708b35,Architecture,,00600000-0000-0000-0000-000001558497,U1-301_49-1O,,4e5fc229-ffd9-462a-882b-16b4a63b2a8a,,,U1-301,,,,,,,,,,,,,,,,,,,,,,,,Glazing System U1-301_49-1O,,,,,,,
dtmi:com:willowinc:Window;1,BPY-1MW-U1-003-07-6F-00461,,,,,,,,,,,,,,,,,,,b5e8be59-b585-499a-9a22-c369aa708f54,Architecture,,00600000-0000-0000-0000-000001552894,U1-003_07-6F,,4e5fc229-ffd9-462a-882b-16b4a63b2a8a,,,U1-003,,,,,,,,,,,,,,,,,,,,,,,,Glazing System U1-003_07-6F,,,,,,,
dtmi:com:willowinc:Window;1,BPY-1MW-U1-379-39-14A-04711,,,,,,,,,,,,,,,,,,,b5e8be59-b585-499a-9a22-c369aa709730,Architecture,,00600000-0000-0000-0000-000001557062,U1-379_39-14A,,4e5fc229-ffd9-462a-882b-16b4a63b2a8a,,,U1-379,,,,,,,,,,,,,,,,,,,,,,,,Glazing System U1-379_39-14A,,,,,,,
dtmi:com:willowinc:Window;1,BPY-1MW-U2-458H-45-50A-05512,,,,,,,,,,,,,,,,,,,b5e8be59-b585-499a-9a22-c369aa709458,Architecture,,00600000-0000-0000-0000-000001558045,U2-458H_45-50A,,4e5fc229-ffd9-462a-882b-16b4a63b2a8a,,,U2-458H,,,,,,,,,,,,,,,,,,,,,,,,Glazing System U2-458H_45-50A,,,,,,,
dtmi:com:willowinc:Window;1,BPY-1MW-U1-384H-34-19A-04050,,,,,,,,,,,,,,,,,,,b5e8be59-b585-499a-9a22-c369aa7096b1,Architecture,,00600000-0000-0000-0000-000001556409,U1-384H_34-19A,,4e5fc229-ffd9-462a-882b-16b4a63b2a8a,,,U1-384H,,,,,,,,,,,,,,,,,,,,,,,,Glazing System U1-384H_34-19A,,,,,,,
dtmi:com:willowinc:Window;1,BPY-1MW-U2-442-36-41A-04238,,,,,,,,,,,,,,,,,,,b5e8be59-b585-499a-9a22-c369aa70926a,Architecture,,00600000-0000-0000-0000-000001556749,U2-442_36-41A,,4e5fc229-ffd9-462a-882b-16b4a63b2a8a,,,U2-442,,,,,,,,,,,,,,,,,,,,,,,,Glazing System U2-442_36-41A,,,,,,,
dtmi:com:willowinc:Window;1,BPY-1MW-U1-068S2-18-21E-01859,,,,,,,,,,,,,,,,,,,b5e8be59-b585-499a-9a22-c369aa7099bc,Architecture,,00600000-0000-0000-0000-000001554286,U1-068S2_18-21E,,4e5fc229-ffd9-462a-882b-16b4a63b2a8a,,,U1-068S2,,,,,,,,,,,,,,,,,,,,,,,,Glazing System U1-068S2_18-21E,,,,,,,
dtmi:com:willowinc:Window;1,BPY-1MW-U1-302-49-3J-06042,,,,,,,,,,,,,,,,,,,b5e8be59-b585-499a-9a22-c369aa7088d0,Architecture,,00600000-0000-0000-0000-000001558539,U1-302_49-3J,,4e5fc229-ffd9-462a-882b-16b4a63b2a8a,,,U1-302,,,,,,,,,,,,,,,,,,,,,,,,Glazing System U1-302_49-3J,,,,,,,
dtmi:com:willowinc:Window;1,BPY-1MW-U2-002-07-23A-00518,,,,,,,,,,,,,,,,,,,b5e8be59-b585-499a-9a22-c369aa71aeab,Architecture,,00600000-0000-0000-0000-000001552837,U2-002_07-23A,,4e5fc229-ffd9-462a-882b-16b4a63b2a8a,,,U2-002,,,,,,,,,,,,,,,,,,,,,,,,Glazing System U2-002_07-23A,,,,,,,
dtmi:com:willowinc:Window;1,BPY-1MW-U1-002S-08-5B-00592,,,,,,,,,,,,,,,,,,,b5e8be59-b585-499a-9a22-c369aa708f58,Architecture,,00600000-0000-0000-0000-000001553012,U1-002S_08-5B,,4e5fc229-ffd9-462a-882b-16b4a63b2a8a,,,U1-002S,,,,,,,,,,,,,,,,,,,,,,,,Glazing System U1-002S_08-5B,,,,,,,
dtmi:com:willowinc:Window;1,BPY-1MW-U1-301-48-1Q-05951,,,,,,,,,,,,,,,,,,,b5e8be59-b585-499a-9a22-c369aa709757,Architecture,,00600000-0000-0000-0000-000001558374,U1-301_48-1Q,,4e5fc229-ffd9-462a-882b-16b4a63b2a8a,,,U1-301,,,,,,,,,,,,,,,,,,,,,,,,Glazing System U1-301_48-1Q,,,,,,,
dtmi:com:willowinc:Window;1,BPY-1MW-U3-214-51-48A-06271,,,,,,,,,,,,,,,,,,,b5e8be59-b585-499a-9a22-c369aa709fe4,Architecture,,00600000-0000-0000-0000-000001558816,U3-214_51-48A,,4e5fc229-ffd9-462a-882b-16b4a63b2a8a,,,U3-214,,,,,,,,,,,,,,,,,,,,,,,,Glazing System U3-214_51-48A,,,,,,,
dtmi:com:willowinc:Window;1,BPY-1MW-U1-068-R1-0-00069,,,,,,,,,,,,,,,,,,,b5e8be59-b585-499a-9a22-c369aa708f89,Architecture,,00600000-0000-0000-0000-000001553210,U1-068_10-21J,,4e5fc229-ffd9-462a-882b-16b4a63b2a8a,,,U1-068,,,,,,,,,,,,,,,,,,,,,,,,Glazing System U1-068_10-21J,,,,,,,
dtmi:com:willowinc:Window;1,BPY-1MW-U2-458H-27-50A-03026,,,,,,,,,,,,,,,,,,,b5e8be59-b585-499a-9a22-c369aa7094b6,Architecture,,00600000-0000-0000-0000-000001555561,U2-458H_27-50A,,4e5fc229-ffd9-462a-882b-16b4a63b2a8a,,,U2-458H,,,,,,,,,,,,,,,,,,,,,,,,Glazing S