{
  "runtime": "Default",
  "defaultVariables": "SwaggerOutputLocation=swagger.json",
  "documentGenerator": {
    "aspNetCoreToOpenApi": {
      "project": "WsupApi.csproj",
      "msBuildProjectExtensionsPath": null,
      "configuration": null,
      "runtime": null,
      "targetFramework": null,
      "noBuild": true,
      "msBuildOutputPath": null,
      "verbose": true,
      "workingDirectory": null,
      "requireParametersWithoutDefault": false,
      "apiGroupNames": null,
      "defaultPropertyNameHandling": "Default",
      "defaultReferenceTypeNullHandling": "Null",
      "defaultDictionaryValueReferenceTypeNullHandling": "NotNull",
      "defaultResponseReferenceTypeNullHandling": "NotNull",
      "generateOriginalParameterNames": true,
      "defaultEnumHandling": "Integer",
      "flattenInheritanceHierarchy": false,
      "generateKnownTypes": true,
      "generateEnumMappingDescription": false,
      "generateXmlObjects": false,
      "generateAbstractProperties": false,
      "generateAbstractSchemas": true,
      "ignoreObsoleteProperties": false,
      "allowReferencesWithProperties": false,
      "useXmlDocumentation": true,
      "resolveExternalXmlDocumentation": true,
      "excludedTypeNames": [],
      "serviceHost": null,
      "serviceBasePath": null,
      "serviceSchemes": [],
      "infoTitle": "WSUP API",
      "infoDescription": null,
      "infoVersion": "1.0.0",
      "documentTemplate": null,
      "documentProcessorTypes": [],
      "operationProcessorTypes": [],
      "typeNameGeneratorType": null,
      "schemaNameGeneratorType": null,
      "contractResolverType": null,
      "serializerSettingsType": null,
      "useDocumentProvider": true,
      "documentName": "v1",
      "aspNetCoreEnvironment": null,
      "createWebHostBuilderMethod": null,
      "startupType": null,
      "allowNullableBodyParameters": true,
      "useHttpAttributeNameAsOperationId": false,
      "output": "$(SwaggerOutputLocation)",
      "outputType": "Swagger2",
      "newLineBehavior": "Auto",
      "assemblyPaths": [],
      "assemblyConfig": null,
      "referencePaths": [],
      "useNuGetCache": false
    }
  },
  "codeGenerators": {
    "openApiToCSharpClient": {
      "clientBaseClass": "BaseClient",
      "configurationClass": null,
      "generateClientClasses": true,
      "generateClientInterfaces": true,
      "clientBaseInterface": null,
      "injectHttpClient": true,
      "disposeHttpClient": true,
      "protectedMethods": [],
      "generateExceptionClasses": true,
      "exceptionClass": "ApiException",
      "wrapDtoExceptions": true,
      "useHttpClientCreationMethod": false,
      "httpClientType": "System.Net.Http.HttpClient",
      "useHttpRequestMessageCreationMethod": false,
      "useBaseUrl": false,
      "generateBaseUrlProperty": true,
      "generateSyncMethods": false,
      "generatePrepareRequestAndProcessResponseAsAsyncMethods": false,
      "exposeJsonSerializerSettings": true,
      "clientClassAccessModifier": "public",
      "typeAccessModifier": "public",
      "generateContractsOutput": false,
      "contractsNamespace": null,
      "contractsOutputFilePath": null,
      "parameterDateTimeFormat": "s",
      "parameterDateFormat": "yyyy-MM-dd",
      "generateUpdateJsonSerializerSettingsMethod": true,
      "useRequestAndResponseSerializationSettings": false,
      "serializeTypeInformation": true,
      "queryNullValue": "",
      "className": "{controller}Client",
      "operationGenerationMode": "MultipleClientsFromOperationId",
      "additionalNamespaceUsages": [
        "System.Text.Json",
        "System.Text.Json.Serialization"
      ],
      "additionalContractNamespaceUsages": [],
      "generateOptionalParameters": true,
      "generateJsonMethods": true,
      "enforceFlagEnums": false,
      "parameterArrayType": "System.Collections.Generic.IEnumerable",
      "parameterDictionaryType": "System.Collections.Generic.IDictionary",
      "responseArrayType": "System.Collections.Generic.ICollection",
      "responseDictionaryType": "System.Collections.Generic.IDictionary",
      "wrapResponses": false,
      "wrapResponseMethods": [],
      "generateResponseClasses": true,
      "responseClass": "SwaggerResponse",
      "namespace": "Willow.Support.SDK",
      "requiredPropertiesMustBeDefined": true,
      "dateType": "System.DateTimeOffset",
      "jsonConverters": [],
      "anyType": "object",
      "dateTimeType": "System.DateTimeOffset",
      "timeType": "System.TimeSpan",
      "timeSpanType": "System.TimeSpan",
      "arrayType": "System.Collections.Generic.ICollection",
      "arrayInstanceType": "System.Collections.ObjectModel.Collection",
      "dictionaryType": "System.Collections.Generic.IDictionary",
      "dictionaryInstanceType": "System.Collections.Generic.Dictionary",
      "arrayBaseType": "System.Collections.ObjectModel.Collection",
      "dictionaryBaseType": "System.Collections.Generic.Dictionary",
      "classStyle": "Poco",
      "jsonLibrary": "SystemTextJson",
      "generateDefaultValues": false,
      "generateDataAnnotations": true,
      "excludedTypeNames": [],
      "excludedParameterNames": [],
      "handleReferences": false,
      "generateImmutableArrayProperties": false,
      "generateImmutableDictionaryProperties": false,
      "jsonSerializerSettingsTransformationMethod": null,
      "inlineNamedArrays": false,
      "inlineNamedDictionaries": false,
      "inlineNamedTuples": true,
      "inlineNamedAny": false,
      "generateDtoTypes": true,
      "generateOptionalPropertiesAsNullable": false,
      "generateNullableReferenceTypes": false,
      "templateDirectory": null,
      "typeNameGeneratorType": null,
      "propertyNameGeneratorType": null,
      "enumNameGeneratorType": null,
      "serviceHost": null,
      "serviceSchemes": null,
      "output": "..\\lib\\Willow.Support.SDK\\WsupClient.cs",
      "newLineBehavior": "Auto"
    }
  }
}
