{
  "x-generator": "NSwag v14.1.0.0 (NJsonSchema v11.0.2.0 (Newtonsoft.Json v13.0.0.0))",
  "openapi": "3.0.0",
  "info": {
    "title": "Willow.Support.Api",
    "version": "v1"
  },
  "paths": {
    "/healthz": {
      "get": {
        "operationId": "Healthchecks",
        "responses": {
          "200": {
            "description": "",
            "content": {
              "application/json": {
                "schema": {
                  "$ref": "#/components/schemas/HealthCheckDto"
                }
              }
            }
          }
        }
      }
    },
    "/livez": {
      "get": {
        "operationId": "Liveness probe",
        "responses": {
          "200": {
            "description": "",
            "content": {
              "application/json": {
                "schema": {
                  "type": "string"
                }
              }
            }
          }
        }
      }
    },
    "/readyz": {
      "get": {
        "operationId": "Readiness probe",
        "responses": {
          "200": {
            "description": "",
            "content": {
              "application/json": {
                "schema": {
                  "type": "string"
                }
              }
            }
          }
        }
      }
    },
    "/Applications/GetAll": {
      "get": {
        "tags": [
          "Applications"
        ],
        "operationId": "Applications_GetAll",
        "responses": {
          "200": {
            "description": "",
            "content": {
              "application/json": {
                "schema": {
                  "type": "array",
                  "items": {
                    "$ref": "#/components/schemas/Application"
                  }
                }
              }
            }
          }
        }
      }
    },
    "/Applications/Get": {
      "get": {
        "tags": [
          "Applications"
        ],
        "operationId": "Applications_Get",
        "parameters": [
          {
            "name": "applicationId",
            "in": "query",
            "schema": {
              "type": "integer",
              "format": "int32"
            },
            "x-position": 1
          }
        ],
        "responses": {
          "200": {
            "description": "",
            "content": {
              "application/json": {
                "schema": {
                  "$ref": "#/components/schemas/Application"
                }
              }
            }
          }
        }
      }
    },
    "/Applications": {
      "post": {
        "tags": [
          "Applications"
        ],
        "operationId": "Applications_Create",
        "requestBody": {
          "x-name": "application",
          "content": {
            "application/json": {
              "schema": {
                "$ref": "#/components/schemas/Application"
              }
            }
          },
          "required": true,
          "x-position": 1
        },
        "responses": {
          "201": {
            "description": "",
            "content": {
              "application/json": {
                "schema": {
                  "$ref": "#/components/schemas/Application"
                }
              }
            }
          },
          "200": {
            "description": "",
            "content": {
              "application/json": {
                "schema": {
                  "$ref": "#/components/schemas/Application"
                }
              }
            }
          }
        }
      },
      "put": {
        "tags": [
          "Applications"
        ],
        "operationId": "Applications_Update",
        "requestBody": {
          "x-name": "application",
          "content": {
            "application/json": {
              "schema": {
                "$ref": "#/components/schemas/Application"
              }
            }
          },
          "required": true,
          "x-position": 1
        },
        "responses": {
          "200": {
            "description": "",
            "content": {
              "application/json": {
                "schema": {
                  "$ref": "#/components/schemas/Application"
                }
              }
            }
          }
        }
      },
      "delete": {
        "tags": [
          "Applications"
        ],
        "operationId": "Applications_Delete",
        "parameters": [
          {
            "name": "applicationId",
            "in": "query",
            "schema": {
              "type": "integer",
              "format": "int32"
            },
            "x-position": 1
          }
        ],
        "responses": {
          "204": {
            "description": ""
          }
        }
      }
    },
    "/BuildingConnectors": {
      "get": {
        "tags": [
          "BuildingConnectors"
        ],
        "operationId": "BuildingConnectors_GetAll",
        "responses": {
          "200": {
            "description": "",
            "content": {
              "application/json": {
                "schema": {
                  "type": "array",
                  "items": {
                    "$ref": "#/components/schemas/BuildingConnector"
                  }
                }
              }
            }
          }
        }
      },
      "post": {
        "tags": [
          "BuildingConnectors"
        ],
        "operationId": "BuildingConnectors_Create",
        "requestBody": {
          "x-name": "buildingConnector",
          "content": {
            "application/json": {
              "schema": {
                "$ref": "#/components/schemas/BuildingConnector"
              }
            }
          },
          "required": true,
          "x-position": 1
        },
        "responses": {
          "201": {
            "description": ""
          },
          "200": {
            "description": ""
          }
        }
      },
      "put": {
        "tags": [
          "BuildingConnectors"
        ],
        "operationId": "BuildingConnectors_Update",
        "requestBody": {
          "x-name": "buildingConnector",
          "content": {
            "application/json": {
              "schema": {
                "$ref": "#/components/schemas/BuildingConnector"
              }
            }
          },
          "required": true,
          "x-position": 1
        },
        "responses": {
          "200": {
            "description": ""
          }
        }
      }
    },
    "/BuildingConnectors/GetAllBuildingConnectorsByCustomerInstance/{customerInstanceId}": {
      "get": {
        "tags": [
          "BuildingConnectors"
        ],
        "operationId": "BuildingConnectors_GetAll2",
        "parameters": [
          {
            "name": "customerInstanceId",
            "in": "path",
            "required": true,
            "schema": {
              "type": "string",
              "format": "guid"
            },
            "x-position": 1
          }
        ],
        "responses": {
          "200": {
            "description": "",
            "content": {
              "application/json": {
                "schema": {
                  "type": "array",
                  "items": {
                    "$ref": "#/components/schemas/BuildingConnector"
                  }
                }
              }
            }
          }
        }
      }
    },
    "/BuildingConnectors/{customerInstanceId}/{buildingId}/{connectorId}": {
      "get": {
        "tags": [
          "BuildingConnectors"
        ],
        "operationId": "BuildingConnectors_Get",
        "parameters": [
          {
            "name": "customerInstanceId",
            "in": "path",
            "required": true,
            "schema": {
              "type": "string",
              "format": "guid"
            },
            "x-position": 1
          },
          {
            "name": "buildingId",
            "in": "path",
            "required": true,
            "schema": {
              "type": "string"
            },
            "x-position": 2
          },
          {
            "name": "connectorId",
            "in": "path",
            "required": true,
            "schema": {
              "type": "string"
            },
            "x-position": 3
          }
        ],
        "responses": {
          "200": {
            "description": "",
            "content": {
              "application/json": {
                "schema": {
                  "$ref": "#/components/schemas/BuildingConnector"
                }
              }
            }
          }
        }
      }
    },
    "/BuildingConnectors/{customerInstanceId}/{applicationId}": {
      "delete": {
        "tags": [
          "BuildingConnectors"
        ],
        "operationId": "BuildingConnectors_Delete",
        "parameters": [
          {
            "name": "customerInstanceId",
            "in": "path",
            "required": true,
            "schema": {
              "type": "string",
              "format": "guid"
            },
            "x-position": 1
          },
          {
            "name": "buildingId",
            "in": "query",
            "schema": {
              "type": "string"
            },
            "x-position": 2
          },
          {
            "name": "connectorId",
            "in": "query",
            "schema": {
              "type": "string"
            },
            "x-position": 3
          },
          {
            "name": "applicationId",
            "in": "path",
            "required": true,
            "schema": {
              "type": "string"
            },
            "x-position": 4
          }
        ],
        "responses": {
          "204": {
            "description": ""
          }
        }
      }
    },
    "/Buildings": {
      "get": {
        "tags": [
          "Buildings"
        ],
        "operationId": "Buildings_GetAll",
        "responses": {
          "200": {
            "description": "",
            "content": {
              "application/json": {
                "schema": {
                  "type": "array",
                  "items": {
                    "$ref": "#/components/schemas/Building"
                  }
                }
              }
            }
          }
        }
      },
      "post": {
        "tags": [
          "Buildings"
        ],
        "operationId": "Buildings_Create",
        "requestBody": {
          "x-name": "building",
          "content": {
            "application/json": {
              "schema": {
                "$ref": "#/components/schemas/Building"
              }
            }
          },
          "required": true,
          "x-position": 1
        },
        "responses": {
          "201": {
            "description": "",
            "content": {
              "application/json": {
                "schema": {
                  "$ref": "#/components/schemas/Building"
                }
              }
            }
          },
          "200": {
            "description": "",
            "content": {
              "application/json": {
                "schema": {
                  "$ref": "#/components/schemas/Building"
                }
              }
            }
          }
        }
      },
      "put": {
        "tags": [
          "Buildings"
        ],
        "operationId": "Buildings_Update",
        "requestBody": {
          "x-name": "building",
          "content": {
            "application/json": {
              "schema": {
                "$ref": "#/components/schemas/Building"
              }
            }
          },
          "required": true,
          "x-position": 1
        },
        "responses": {
          "200": {
            "description": "",
            "content": {
              "application/json": {
                "schema": {
                  "$ref": "#/components/schemas/Building"
                }
              }
            }
          }
        }
      }
    },
    "/Buildings/GetAllByCustomerInstanceId/{customerInstanceId}": {
      "get": {
        "tags": [
          "Buildings"
        ],
        "operationId": "Buildings_GetAllByCustomerInstanceId",
        "parameters": [
          {
            "name": "customerInstanceId",
            "in": "path",
            "required": true,
            "schema": {
              "type": "string",
              "format": "guid"
            },
            "x-position": 1
          }
        ],
        "responses": {
          "200": {
            "description": "",
            "content": {
              "application/json": {
                "schema": {
                  "type": "array",
                  "items": {
                    "$ref": "#/components/schemas/Building"
                  }
                }
              }
            }
          }
        }
      }
    },
    "/Buildings/{buildingId}": {
      "get": {
        "tags": [
          "Buildings"
        ],
        "operationId": "Buildings_Get",
        "parameters": [
          {
            "name": "buildingId",
            "in": "path",
            "required": true,
            "schema": {
              "type": "string"
            },
            "x-position": 1
          }
        ],
        "responses": {
          "200": {
            "description": "",
            "content": {
              "application/json": {
                "schema": {
                  "nullable": true,
                  "oneOf": [
                    {
                      "$ref": "#/components/schemas/Building"
                    }
                  ]
                }
              }
            }
          }
        }
      },
      "delete": {
        "tags": [
          "Buildings"
        ],
        "operationId": "Buildings_Delete",
        "parameters": [
          {
            "name": "buildingId",
            "in": "path",
            "required": true,
            "schema": {
              "type": "string"
            },
            "x-position": 1
          }
        ],
        "responses": {
          "204": {
            "description": ""
          }
        }
      }
    },
    "/Connectors": {
      "get": {
        "tags": [
          "Connectors"
        ],
        "operationId": "Connectors_GetAll",
        "responses": {
          "200": {
            "description": "",
            "content": {
              "application/json": {
                "schema": {
                  "type": "array",
                  "items": {
                    "$ref": "#/components/schemas/Connector"
                  }
                }
              }
            }
          }
        }
      },
      "post": {
        "tags": [
          "Connectors"
        ],
        "operationId": "Connectors_Create",
        "requestBody": {
          "x-name": "connector",
          "content": {
            "application/json": {
              "schema": {
                "$ref": "#/components/schemas/Connector"
              }
            }
          },
          "required": true,
          "x-position": 1
        },
        "responses": {
          "201": {
            "description": "",
            "content": {
              "application/json": {
                "schema": {
                  "$ref": "#/components/schemas/Connector"
                }
              }
            }
          },
          "200": {
            "description": "",
            "content": {
              "application/json": {
                "schema": {
                  "$ref": "#/components/schemas/Connector"
                }
              }
            }
          }
        }
      },
      "put": {
        "tags": [
          "Connectors"
        ],
        "operationId": "Connectors_Update",
        "requestBody": {
          "x-name": "connector",
          "content": {
            "application/json": {
              "schema": {
                "$ref": "#/components/schemas/Connector"
              }
            }
          },
          "required": true,
          "x-position": 1
        },
        "responses": {
          "200": {
            "description": "",
            "content": {
              "application/json": {
                "schema": {
                  "$ref": "#/components/schemas/Connector"
                }
              }
            }
          }
        }
      }
    },
    "/Connectors/GetAllByCustomerInstance/{customerInstanceId}": {
      "get": {
        "tags": [
          "Connectors"
        ],
        "operationId": "Connectors_GetAllByCustomerInstance",
        "parameters": [
          {
            "name": "customerInstanceId",
            "in": "path",
            "required": true,
            "schema": {
              "type": "string",
              "format": "guid"
            },
            "x-position": 1
          }
        ],
        "responses": {
          "200": {
            "description": "",
            "content": {
              "application/json": {
                "schema": {
                  "type": "array",
                  "items": {
                    "$ref": "#/components/schemas/Connector"
                  }
                }
              }
            }
          }
        }
      }
    },
    "/Connectors/{connectorId}": {
      "get": {
        "tags": [
          "Connectors"
        ],
        "operationId": "Connectors_Get",
        "parameters": [
          {
            "name": "connectorId",
            "in": "path",
            "required": true,
            "schema": {
              "type": "string"
            },
            "x-position": 1
          }
        ],
        "responses": {
          "200": {
            "description": "",
            "content": {
              "application/json": {
                "schema": {
                  "nullable": true,
                  "oneOf": [
                    {
                      "$ref": "#/components/schemas/Connector"
                    }
                  ]
                }
              }
            }
          }
        }
      },
      "delete": {
        "tags": [
          "Connectors"
        ],
        "operationId": "Connectors_Delete",
        "parameters": [
          {
            "name": "connectorId",
            "in": "path",
            "required": true,
            "schema": {
              "type": "string"
            },
            "x-position": 1
          }
        ],
        "responses": {
          "204": {
            "description": ""
          }
        }
      }
    },
    "/ConnectorTypes": {
      "get": {
        "tags": [
          "ConnectorTypes"
        ],
        "operationId": "ConnectorTypes_GetAll",
        "responses": {
          "200": {
            "description": "",
            "content": {
              "application/json": {
                "schema": {
                  "type": "array",
                  "items": {
                    "$ref": "#/components/schemas/ConnectorType"
                  }
                }
              }
            }
          }
        }
      },
      "post": {
        "tags": [
          "ConnectorTypes"
        ],
        "operationId": "ConnectorTypes_Create",
        "requestBody": {
          "x-name": "connectorType",
          "content": {
            "application/json": {
              "schema": {
                "$ref": "#/components/schemas/ConnectorType"
              }
            }
          },
          "required": true,
          "x-position": 1
        },
        "responses": {
          "201": {
            "description": "",
            "content": {
              "application/json": {
                "schema": {
                  "$ref": "#/components/schemas/ConnectorType"
                }
              }
            }
          },
          "200": {
            "description": "",
            "content": {
              "application/json": {
                "schema": {
                  "$ref": "#/components/schemas/ConnectorType"
                }
              }
            }
          }
        }
      },
      "put": {
        "tags": [
          "ConnectorTypes"
        ],
        "operationId": "ConnectorTypes_Update",
        "requestBody": {
          "x-name": "connectorType",
          "content": {
            "application/json": {
              "schema": {
                "$ref": "#/components/schemas/ConnectorType"
              }
            }
          },
          "required": true,
          "x-position": 1
        },
        "responses": {
          "200": {
            "description": "",
            "content": {
              "application/json": {
                "schema": {
                  "$ref": "#/components/schemas/ConnectorType"
                }
              }
            }
          }
        }
      }
    },
    "/ConnectorTypes/{connectorTypeId}": {
      "get": {
        "tags": [
          "ConnectorTypes"
        ],
        "operationId": "ConnectorTypes_Get",
        "parameters": [
          {
            "name": "connectorTypeId",
            "in": "path",
            "required": true,
            "schema": {
              "type": "string"
            },
            "x-position": 1
          }
        ],
        "responses": {
          "200": {
            "description": "",
            "content": {
              "application/json": {
                "schema": {
                  "nullable": true,
                  "oneOf": [
                    {
                      "$ref": "#/components/schemas/ConnectorType"
                    }
                  ]
                }
              }
            }
          }
        }
      },
      "delete": {
        "tags": [
          "ConnectorTypes"
        ],
        "operationId": "ConnectorTypes_Delete",
        "parameters": [
          {
            "name": "connectorTypeId",
            "in": "path",
            "required": true,
            "schema": {
              "type": "string"
            },
            "x-position": 1
          }
        ],
        "responses": {
          "204": {
            "description": ""
          }
        }
      }
    },
    "/CustomerInstanceApplications/GetAll": {
      "get": {
        "tags": [
          "CustomerInstanceApplications"
        ],
        "operationId": "CustomerInstanceApplications_GetAll",
        "responses": {
          "200": {
            "description": "",
            "content": {
              "application/json": {
                "schema": {
                  "type": "array",
                  "items": {
                    "$ref": "#/components/schemas/CustomerInstanceApplication"
                  }
                }
              }
            }
          }
        }
      }
    },
    "/CustomerInstanceApplications/GetAllApplicationsByCustomer/{customerInstanceId}": {
      "get": {
        "tags": [
          "CustomerInstanceApplications"
        ],
        "operationId": "CustomerInstanceApplications_GetAll2",
        "parameters": [
          {
            "name": "customerInstanceId",
            "in": "path",
            "required": true,
            "schema": {
              "type": "string",
              "format": "guid"
            },
            "x-position": 1
          }
        ],
        "responses": {
          "200": {
            "description": "",
            "content": {
              "application/json": {
                "schema": {
                  "type": "array",
                  "items": {
                    "$ref": "#/components/schemas/CustomerInstanceApplication"
                  }
                }
              }
            }
          }
        }
      }
    },
    "/CustomerInstanceApplications/{customerInstanceId}/{applicationId}": {
      "get": {
        "tags": [
          "CustomerInstanceApplications"
        ],
        "operationId": "CustomerInstanceApplications_Get",
        "parameters": [
          {
            "name": "customerInstanceId",
            "in": "path",
            "required": true,
            "schema": {
              "type": "string",
              "format": "guid"
            },
            "x-position": 1
          },
          {
            "name": "applicationId",
            "in": "path",
            "required": true,
            "schema": {
              "type": "integer",
              "format": "int32"
            },
            "x-position": 2
          }
        ],
        "responses": {
          "200": {
            "description": "",
            "content": {
              "application/json": {
                "schema": {
                  "$ref": "#/components/schemas/CustomerInstanceApplication"
                }
              }
            }
          }
        }
      },
      "delete": {
        "tags": [
          "CustomerInstanceApplications"
        ],
        "operationId": "CustomerInstanceApplications_Delete",
        "parameters": [
          {
            "name": "customerInstanceId",
            "in": "path",
            "required": true,
            "schema": {
              "type": "string",
              "format": "guid"
            },
            "x-position": 1
          },
          {
            "name": "applicationId",
            "in": "path",
            "required": true,
            "schema": {
              "type": "integer",
              "format": "int32"
            },
            "x-position": 2
          }
        ],
        "responses": {
          "204": {
            "description": ""
          }
        }
      }
    },
    "/CustomerInstanceApplications": {
      "post": {
        "tags": [
          "CustomerInstanceApplications"
        ],
        "operationId": "CustomerInstanceApplications_Create",
        "requestBody": {
          "x-name": "customerInstanceApplication",
          "content": {
            "application/json": {
              "schema": {
                "$ref": "#/components/schemas/CustomerInstanceApplication"
              }
            }
          },
          "required": true,
          "x-position": 1
        },
        "responses": {
          "201": {
            "description": ""
          },
          "200": {
            "description": ""
          }
        }
      },
      "put": {
        "tags": [
          "CustomerInstanceApplications"
        ],
        "operationId": "CustomerInstanceApplications_Update",
        "requestBody": {
          "x-name": "customerInstanceApplication",
          "content": {
            "application/json": {
              "schema": {
                "$ref": "#/components/schemas/CustomerInstanceApplication"
              }
            }
          },
          "required": true,
          "x-position": 1
        },
        "responses": {
          "200": {
            "description": ""
          }
        }
      }
    },
    "/CustomerInstances/GetAll": {
      "get": {
        "tags": [
          "CustomerInstances"
        ],
        "operationId": "CustomerInstances_GetAll",
        "parameters": [
          {
            "name": "includeApplications",
            "in": "query",
            "schema": {
              "type": "boolean",
              "default": false
            },
            "x-position": 1
          }
        ],
        "responses": {
          "200": {
            "description": "",
            "content": {
              "application/json": {
                "schema": {
                  "type": "array",
                  "items": {
                    "$ref": "#/components/schemas/CustomerInstance"
                  }
                }
              }
            }
          }
        }
      }
    },
    "/CustomerInstances/Get": {
      "get": {
        "tags": [
          "CustomerInstances"
        ],
        "operationId": "CustomerInstances_Get",
        "parameters": [
          {
            "name": "customerInstanceId",
            "in": "query",
            "schema": {
              "type": "string",
              "format": "guid"
            },
            "x-position": 1
          },
          {
            "name": "includeApplications",
            "in": "query",
            "schema": {
              "type": "boolean",
              "default": false
            },
            "x-position": 2
          }
        ],
        "responses": {
          "200": {
            "description": "",
            "content": {
              "application/json": {
                "schema": {
                  "$ref": "#/components/schemas/CustomerInstance"
                }
              }
            }
          }
        }
      }
    },
    "/CustomerInstances": {
      "post": {
        "tags": [
          "CustomerInstances"
        ],
        "operationId": "CustomerInstances_Create",
        "requestBody": {
          "x-name": "customerInstance",
          "content": {
            "application/json": {
              "schema": {
                "$ref": "#/components/schemas/CustomerInstance"
              }
            }
          },
          "required": true,
          "x-position": 1
        },
        "responses": {
          "201": {
            "description": "",
            "content": {
              "application/json": {
                "schema": {
                  "$ref": "#/components/schemas/CustomerInstance"
                }
              }
            }
          },
          "200": {
            "description": "",
            "content": {
              "application/json": {
                "schema": {
                  "$ref": "#/components/schemas/CustomerInstance"
                }
              }
            }
          }
        }
      },
      "put": {
        "tags": [
          "CustomerInstances"
        ],
        "operationId": "CustomerInstances_Update",
        "requestBody": {
          "x-name": "customerInstance",
          "content": {
            "application/json": {
              "schema": {
                "$ref": "#/components/schemas/CustomerInstance"
              }
            }
          },
          "required": true,
          "x-position": 1
        },
        "responses": {
          "200": {
            "description": "",
            "content": {
              "application/json": {
                "schema": {
                  "$ref": "#/components/schemas/CustomerInstance"
                }
              }
            }
          }
        }
      },
      "delete": {
        "tags": [
          "CustomerInstances"
        ],
        "operationId": "CustomerInstances_Delete",
        "parameters": [
          {
            "name": "customerInstanceId",
            "in": "query",
            "schema": {
              "type": "string",
              "format": "guid"
            },
            "x-position": 1
          }
        ],
        "responses": {
          "204": {
            "description": ""
          }
        }
      }
    },
    "/Customers/GetAll": {
      "get": {
        "tags": [
          "Customers"
        ],
        "operationId": "Customers_GetAll",
        "responses": {
          "200": {
            "description": "",
            "content": {
              "application/json": {
                "schema": {
                  "type": "array",
                  "items": {
                    "$ref": "#/components/schemas/Customer"
                  }
                }
              }
            }
          }
        }
      }
    },
    "/Customers/Get": {
      "get": {
        "tags": [
          "Customers"
        ],
        "operationId": "Customers_Get",
        "parameters": [
          {
            "name": "customerId",
            "in": "query",
            "schema": {
              "type": "string",
              "format": "guid"
            },
            "x-position": 1
          }
        ],
        "responses": {
          "200": {
            "description": "",
            "content": {
              "application/json": {
                "schema": {
                  "$ref": "#/components/schemas/Customer"
                }
              }
            }
          }
        }
      }
    },
    "/Customers": {
      "post": {
        "tags": [
          "Customers"
        ],
        "operationId": "Customers_Create",
        "requestBody": {
          "x-name": "customer",
          "content": {
            "application/json": {
              "schema": {
                "$ref": "#/components/schemas/Customer"
              }
            }
          },
          "required": true,
          "x-position": 1
        },
        "responses": {
          "201": {
            "description": "",
            "content": {
              "application/json": {
                "schema": {
                  "$ref": "#/components/schemas/Customer"
                }
              }
            }
          },
          "200": {
            "description": "",
            "content": {
              "application/json": {
                "schema": {
                  "$ref": "#/components/schemas/Customer"
                }
              }
            }
          }
        }
      },
      "put": {
        "tags": [
          "Customers"
        ],
        "operationId": "Customers_Update",
        "requestBody": {
          "x-name": "customer",
          "content": {
            "application/json": {
              "schema": {
                "$ref": "#/components/schemas/Customer"
              }
            }
          },
          "required": true,
          "x-position": 1
        },
        "responses": {
          "200": {
            "description": "",
            "content": {
              "application/json": {
                "schema": {
                  "$ref": "#/components/schemas/Customer"
                }
              }
            }
          }
        }
      },
      "delete": {
        "tags": [
          "Customers"
        ],
        "operationId": "Customers_Delete",
        "parameters": [
          {
            "name": "customerId",
            "in": "query",
            "schema": {
              "type": "string",
              "format": "guid"
            },
            "x-position": 1
          }
        ],
        "responses": {
          "204": {
            "description": ""
          }
        }
      }
    },
    "/Environments/GetAll": {
      "get": {
        "tags": [
          "Environments"
        ],
        "operationId": "Environments_GetAll",
        "responses": {
          "200": {
            "description": "",
            "content": {
              "application/json": {
                "schema": {
                  "type": "array",
                  "items": {
                    "$ref": "#/components/schemas/Environment"
                  }
                }
              }
            }
          }
        }
      }
    },
    "/Environments/Get": {
      "get": {
        "tags": [
          "Environments"
        ],
        "operationId": "Environments_Get",
        "parameters": [
          {
            "name": "name",
            "in": "query",
            "schema": {
              "type": "string"
            },
            "x-position": 1
          }
        ],
        "responses": {
          "200": {
            "description": "",
            "content": {
              "application/json": {
                "schema": {
                  "nullable": true,
                  "oneOf": [
                    {
                      "$ref": "#/components/schemas/Environment"
                    }
                  ]
                }
              }
            }
          }
        }
      }
    },
    "/Environments": {
      "post": {
        "tags": [
          "Environments"
        ],
        "operationId": "Environments_Create",
        "requestBody": {
          "x-name": "environment",
          "content": {
            "application/json": {
              "schema": {
                "$ref": "#/components/schemas/Environment"
              }
            }
          },
          "required": true,
          "x-position": 1
        },
        "responses": {
          "201": {
            "description": "",
            "content": {
              "application/json": {
                "schema": {
                  "$ref": "#/components/schemas/Environment"
                }
              }
            }
          },
          "200": {
            "description": "",
            "content": {
              "application/json": {
                "schema": {
                  "$ref": "#/components/schemas/Environment"
                }
              }
            }
          }
        }
      },
      "put": {
        "tags": [
          "Environments"
        ],
        "operationId": "Environments_Update",
        "requestBody": {
          "x-name": "environment",
          "content": {
            "application/json": {
              "schema": {
                "$ref": "#/components/schemas/Environment"
              }
            }
          },
          "required": true,
          "x-position": 1
        },
        "responses": {
          "200": {
            "description": "",
            "content": {
              "application/json": {
                "schema": {
                  "$ref": "#/components/schemas/Environment"
                }
              }
            }
          }
        }
      },
      "delete": {
        "tags": [
          "Environments"
        ],
        "operationId": "Environments_Delete",
        "parameters": [
          {
            "name": "name",
            "in": "query",
            "schema": {
              "type": "string"
            },
            "x-position": 1
          }
        ],
        "responses": {
          "204": {
            "description": ""
          }
        }
      }
    },
    "/Regions/GetAll": {
      "get": {
        "tags": [
          "Regions"
        ],
        "operationId": "Regions_GetAll",
        "responses": {
          "200": {
            "description": "",
            "content": {
              "application/json": {
                "schema": {
                  "type": "array",
                  "items": {
                    "$ref": "#/components/schemas/Region"
                  }
                }
              }
            }
          }
        }
      }
    },
    "/Regions/Get": {
      "get": {
        "tags": [
          "Regions"
        ],
        "operationId": "Regions_Get",
        "parameters": [
          {
            "name": "shortName",
            "in": "query",
            "schema": {
              "type": "string"
            },
            "x-position": 1
          }
        ],
        "responses": {
          "200": {
            "description": "",
            "content": {
              "application/json": {
                "schema": {
                  "nullable": true,
                  "oneOf": [
                    {
                      "$ref": "#/components/schemas/Region"
                    }
                  ]
                }
              }
            }
          }
        }
      }
    },
    "/Regions": {
      "post": {
        "tags": [
          "Regions"
        ],
        "operationId": "Regions_Create",
        "requestBody": {
          "x-name": "region",
          "content": {
            "application/json": {
              "schema": {
                "$ref": "#/components/schemas/Region"
              }
            }
          },
          "required": true,
          "x-position": 1
        },
        "responses": {
          "201": {
            "description": "",
            "content": {
              "application/json": {
                "schema": {
                  "$ref": "#/components/schemas/Region"
                }
              }
            }
          },
          "200": {
            "description": "",
            "content": {
              "application/json": {
                "schema": {
                  "$ref": "#/components/schemas/Region"
                }
              }
            }
          }
        }
      },
      "put": {
        "tags": [
          "Regions"
        ],
        "operationId": "Regions_Update",
        "requestBody": {
          "x-name": "region",
          "content": {
            "application/json": {
              "schema": {
                "$ref": "#/components/schemas/Region"
              }
            }
          },
          "required": true,
          "x-position": 1
        },
        "responses": {
          "200": {
            "description": "",
            "content": {
              "application/json": {
                "schema": {
                  "$ref": "#/components/schemas/Region"
                }
              }
            }
          }
        }
      },
      "delete": {
        "tags": [
          "Regions"
        ],
        "operationId": "Regions_Delete",
        "parameters": [
          {
            "name": "shortName",
            "in": "query",
            "schema": {
              "type": "string"
            },
            "x-position": 1
          }
        ],
        "responses": {
          "204": {
            "description": ""
          }
        }
      }
    },
    "/Stamps/GetAll": {
      "get": {
        "tags": [
          "Stamps"
        ],
        "operationId": "Stamps_GetAll",
        "responses": {
          "200": {
            "description": "",
            "content": {
              "application/json": {
                "schema": {
                  "type": "array",
                  "items": {
                    "$ref": "#/components/schemas/Stamp"
                  }
                }
              }
            }
          }
        }
      }
    },
    "/Stamps/Get": {
      "get": {
        "tags": [
          "Stamps"
        ],
        "operationId": "Stamps_Get",
        "parameters": [
          {
            "name": "stampId",
            "in": "query",
            "schema": {
              "type": "string",
              "format": "guid"
            },
            "x-position": 1
          }
        ],
        "responses": {
          "200": {
            "description": "",
            "content": {
              "application/json": {
                "schema": {
                  "$ref": "#/components/schemas/Stamp"
                }
              }
            }
          }
        }
      }
    },
    "/Stamps": {
      "post": {
        "tags": [
          "Stamps"
        ],
        "operationId": "Stamps_Create",
        "requestBody": {
          "x-name": "stamp",
          "content": {
            "application/json": {
              "schema": {
                "$ref": "#/components/schemas/Stamp"
              }
            }
          },
          "required": true,
          "x-position": 1
        },
        "responses": {
          "201": {
            "description": "",
            "content": {
              "application/json": {
                "schema": {
                  "$ref": "#/components/schemas/Stamp"
                }
              }
            }
          },
          "200": {
            "description": "",
            "content": {
              "application/json": {
                "schema": {
                  "$ref": "#/components/schemas/Stamp"
                }
              }
            }
          }
        }
      },
      "put": {
        "tags": [
          "Stamps"
        ],
        "operationId": "Stamps_Update",
        "requestBody": {
          "x-name": "stamp",
          "content": {
            "application/json": {
              "schema": {
                "$ref": "#/components/schemas/Stamp"
              }
            }
          },
          "required": true,
          "x-position": 1
        },
        "responses": {
          "200": {
            "description": "",
            "content": {
              "application/json": {
                "schema": {
                  "$ref": "#/components/schemas/Stamp"
                }
              }
            }
          }
        }
      },
      "delete": {
        "tags": [
          "Stamps"
        ],
        "operationId": "Stamps_Delete",
        "parameters": [
          {
            "name": "stampId",
            "in": "query",
            "schema": {
              "type": "string",
              "format": "guid"
            },
            "x-position": 1
          }
        ],
        "responses": {
          "204": {
            "description": ""
          }
        }
      }
    },
    "/Teams/GetAll": {
      "get": {
        "tags": [
          "Teams"
        ],
        "operationId": "Teams_GetAll",
        "responses": {
          "200": {
            "description": "",
            "content": {
              "application/json": {
                "schema": {
                  "type": "array",
                  "items": {
                    "$ref": "#/components/schemas/Team"
                  }
                }
              }
            }
          }
        }
      }
    },
    "/Teams/Get": {
      "get": {
        "tags": [
          "Teams"
        ],
        "operationId": "Teams_Get",
        "parameters": [
          {
            "name": "teamId",
            "in": "query",
            "schema": {
              "type": "integer",
              "format": "int32"
            },
            "x-position": 1
          }
        ],
        "responses": {
          "200": {
            "description": "",
            "content": {
              "application/json": {
                "schema": {
                  "$ref": "#/components/schemas/Team"
                }
              }
            }
          }
        }
      }
    },
    "/Teams": {
      "post": {
        "tags": [
          "Teams"
        ],
        "operationId": "Teams_Create",
        "requestBody": {
          "x-name": "team",
          "content": {
            "application/json": {
              "schema": {
                "$ref": "#/components/schemas/Team"
              }
            }
          },
          "required": true,
          "x-position": 1
        },
        "responses": {
          "201": {
            "description": "",
            "content": {
              "application/json": {
                "schema": {
                  "$ref": "#/components/schemas/Team"
                }
              }
            }
          },
          "200": {
            "description": "",
            "content": {
              "application/json": {
                "schema": {
                  "$ref": "#/components/schemas/Team"
                }
              }
            }
          }
        }
      },
      "put": {
        "tags": [
          "Teams"
        ],
        "operationId": "Teams_Update",
        "requestBody": {
          "x-name": "team",
          "content": {
            "application/json": {
              "schema": {
                "$ref": "#/components/schemas/Team"
              }
            }
          },
          "required": true,
          "x-position": 1
        },
        "responses": {
          "200": {
            "description": "",
            "content": {
              "application/json": {
                "schema": {
                  "$ref": "#/components/schemas/Team"
                }
              }
            }
          }
        }
      },
      "delete": {
        "tags": [
          "Teams"
        ],
        "operationId": "Teams_Delete",
        "parameters": [
          {
            "name": "teamId",
            "in": "query",
            "schema": {
              "type": "integer",
              "format": "int32"
            },
            "x-position": 1
          }
        ],
        "responses": {
          "204": {
            "description": ""
          }
        }
      }
    }
  },
  "components": {
    "schemas": {
      "HealthCheckDto": {
        "type": "object",
        "description": "Standard health check sent from healthz endpoint and between services.",
        "additionalProperties": false,
        "properties": {
          "key": {
            "type": "string",
            "description": "Gets or sets unique key name for this health check result, can be used to recreate graph."
          },
          "status": {
            "description": "Gets or sets status.",
            "oneOf": [
              {
                "$ref": "#/components/schemas/HealthStatus"
              }
            ]
          },
          "description": {
            "type": "string",
            "description": "Gets or sets description of the health status."
          },
          "version": {
            "type": "string",
            "description": "Gets or sets assembly version of this component.",
            "nullable": true
          },
          "entries": {
            "type": "object",
            "description": "Gets or sets individual subsystem health states or null if no subsystems.",
            "nullable": true,
            "additionalProperties": {
              "$ref": "#/components/schemas/HealthCheckDto"
            }
          },
          "entriesWithPayload": {
            "type": "object",
            "description": "Gets the entries as a dictionary of objects with any additional payload properties like version.",
            "nullable": true,
            "additionalProperties": {}
          }
        }
      },
      "HealthStatus": {
        "type": "string",
        "description": "",
        "x-enumNames": [
          "Unhealthy",
          "Degraded",
          "Healthy"
        ],
        "enum": [
          "Unhealthy",
          "Degraded",
          "Healthy"
        ]
      },
      "Application": {
        "type": "object",
        "additionalProperties": false,
        "properties": {
          "id": {
            "type": "integer",
            "format": "int32"
          },
          "name": {
            "type": "string",
            "nullable": true
          },
          "displayName": {
            "type": "string",
            "nullable": true
          },
          "description": {
            "type": "string",
            "nullable": true
          },
          "teamId": {
            "type": "integer",
            "format": "int32"
          },
          "applicationStatusId": {
            "type": "integer",
            "format": "int32"
          },
          "path": {
            "type": "string",
            "nullable": true
          },
          "healthEndpointPath": {
            "type": "string",
            "nullable": true
          },
          "hasPublicEndpoint": {
            "type": "boolean"
          },
          "roleName": {
            "type": "string",
            "nullable": true
          },
          "team": {
            "nullable": true,
            "oneOf": [
              {
                "$ref": "#/components/schemas/Team"
              }
            ]
          },
          "applicationStatus": {
            "nullable": true,
            "oneOf": [
              {
                "$ref": "#/components/schemas/ApplicationStatus"
              }
            ]
          },
          "customerInstanceApplications": {
            "type": "array",
            "nullable": true,
            "items": {
              "$ref": "#/components/schemas/CustomerInstanceApplication"
            }
          }
        }
      },
      "Team": {
        "type": "object",
        "additionalProperties": false,
        "properties": {
          "id": {
            "type": "integer",
            "format": "int32"
          },
          "name": {
            "type": "string",
            "nullable": true
          },
          "description": {
            "type": "string",
            "nullable": true
          },
          "applications": {
            "type": "array",
            "nullable": true,
            "items": {
              "$ref": "#/components/schemas/Application"
            }
          }
        }
      },
      "ApplicationStatus": {
        "type": "object",
        "additionalProperties": false,
        "properties": {
          "id": {
            "type": "integer",
            "format": "int32"
          },
          "name": {
            "type": "string",
            "nullable": true
          },
          "description": {
            "type": "string",
            "nullable": true
          },
          "applications": {
            "type": "array",
            "nullable": true,
            "items": {
              "$ref": "#/components/schemas/Application"
            }
          }
        }
      },
      "CustomerInstanceApplication": {
        "type": "object",
        "additionalProperties": false,
        "properties": {
          "customerInstanceId": {
            "type": "string",
            "format": "guid"
          },
          "applicationId": {
            "type": "integer",
            "format": "int32"
          },
          "customerInstanceApplicationStatusId": {
            "type": "integer",
            "format": "int32"
          },
          "customerInstance": {
            "nullable": true,
            "oneOf": [
              {
                "$ref": "#/components/schemas/CustomerInstance"
              }
            ]
          },
          "application": {
            "nullable": true,
            "oneOf": [
              {
                "$ref": "#/components/schemas/Application"
              }
            ]
          },
          "customerInstanceApplicationStatus": {
            "nullable": true,
            "oneOf": [
              {
                "$ref": "#/components/schemas/CustomerInstanceApplicationStatus"
              }
            ]
          }
        }
      },
      "CustomerInstance": {
        "type": "object",
        "additionalProperties": false,
        "properties": {
          "id": {
            "type": "string",
            "format": "guid"
          },
          "customerId": {
            "type": "string",
            "format": "guid"
          },
          "name": {
            "type": "string",
            "nullable": true
          },
          "shortName": {
            "type": "string",
            "nullable": true
          },
          "domain": {
            "type": "string",
            "nullable": true
          },
          "fullDomain": {
            "type": "string",
            "nullable": true
          },
          "dnsEnvSuffix": {
            "type": "string",
            "nullable": true
          },
          "displayName": {
            "type": "string",
            "nullable": true
          },
          "customerInstanceStatusId": {
            "type": "integer",
            "format": "int32"
          },
          "fullCustomerInstanceName": {
            "type": "string",
            "nullable": true
          },
          "deploymentPhase": {
            "type": "string",
            "nullable": true
          },
          "lifecycleState": {
            "type": "string",
            "nullable": true
          },
          "resourceGroupName": {
            "type": "string",
            "nullable": true
          },
          "azureDigitalTwinsInstance": {
            "type": "string",
            "nullable": true
          },
          "azureDataExplorerInstance": {
            "type": "string",
            "nullable": true
          },
          "stampId": {
            "type": "string",
            "format": "guid"
          },
          "customer": {
            "nullable": true,
            "oneOf": [
              {
                "$ref": "#/components/schemas/Customer"
              }
            ]
          },
          "customerInstanceStatus": {
            "nullable": true,
            "oneOf": [
              {
                "$ref": "#/components/schemas/CustomerInstanceStatus"
              }
            ]
          },
          "stamp": {
            "nullable": true,
            "oneOf": [
              {
                "$ref": "#/components/schemas/Stamp"
              }
            ]
          },
          "customerInstanceApplications": {
            "type": "array",
            "nullable": true,
            "items": {
              "$ref": "#/components/schemas/CustomerInstanceApplication"
            }
          },
          "buildings": {
            "type": "array",
            "nullable": true,
            "items": {
              "$ref": "#/components/schemas/Building"
            }
          },
          "connectors": {
            "type": "array",
            "nullable": true,
            "items": {
              "$ref": "#/components/schemas/Connector"
            }
          }
        }
      },
      "Customer": {
        "type": "object",
        "additionalProperties": false,
        "properties": {
          "id": {
            "type": "string",
            "format": "guid"
          },
          "name": {
            "type": "string",
            "nullable": true
          },
          "shortName": {
            "type": "string",
            "nullable": true
          },
          "salesId": {
            "type": "string",
            "nullable": true
          },
          "customerStatusId": {
            "type": "integer",
            "format": "int32"
          },
          "customerInstances": {
            "type": "array",
            "nullable": true,
            "items": {
              "$ref": "#/components/schemas/CustomerInstance"
            }
          },
          "customerStatus": {
            "nullable": true,
            "oneOf": [
              {
                "$ref": "#/components/schemas/CustomerStatus"
              }
            ]
          }
        }
      },
      "CustomerStatus": {
        "type": "object",
        "additionalProperties": false,
        "properties": {
          "id": {
            "type": "integer",
            "format": "int32"
          },
          "name": {
            "type": "string",
            "nullable": true
          },
          "description": {
            "type": "string",
            "nullable": true
          },
          "customers": {
            "type": "array",
            "nullable": true,
            "items": {
              "$ref": "#/components/schemas/Customer"
            }
          }
        }
      },
      "CustomerInstanceStatus": {
        "type": "object",
        "additionalProperties": false,
        "properties": {
          "id": {
            "type": "integer",
            "format": "int32"
          },
          "name": {
            "type": "string",
            "nullable": true
          },
          "description": {
            "type": "string",
            "nullable": true
          },
          "resourceGroupName": {
            "type": "string",
            "nullable": true
          },
          "adxDatabaseUrl": {
            "type": "string",
            "nullable": true
          },
          "adtInstanceUrl": {
            "type": "string",
            "nullable": true
          },
          "customerInstances": {
            "type": "array",
            "nullable": true,
            "items": {
              "$ref": "#/components/schemas/CustomerInstance"
            }
          }
        }
      },
      "Stamp": {
        "type": "object",
        "additionalProperties": false,
        "properties": {
          "id": {
            "type": "string",
            "format": "guid"
          },
          "name": {
            "type": "string",
            "nullable": true
          },
          "subscriptionId": {
            "type": "string",
            "format": "guid"
          },
          "environmentName": {
            "type": "string",
            "nullable": true
          },
          "regionShortName": {
            "type": "string",
            "nullable": true
          },
          "customerInstances": {
            "type": "array",
            "nullable": true,
            "items": {
              "$ref": "#/components/schemas/CustomerInstance"
            }
          },
          "region": {
            "nullable": true,
            "oneOf": [
              {
                "$ref": "#/components/schemas/Region"
              }
            ]
          },
          "environment": {
            "nullable": true,
            "oneOf": [
              {
                "$ref": "#/components/schemas/Environment"
              }
            ]
          }
        }
      },
      "Region": {
        "type": "object",
        "additionalProperties": false,
        "properties": {
          "shortName": {
            "type": "string",
            "nullable": true
          },
          "name": {
            "type": "string",
            "nullable": true
          },
          "displayName": {
            "type": "string",
            "nullable": true
          },
          "customerInstances": {
            "type": "array",
            "nullable": true,
            "items": {
              "$ref": "#/components/schemas/CustomerInstance"
            }
          },
          "stamps": {
            "type": "array",
            "nullable": true,
            "items": {
              "$ref": "#/components/schemas/Stamp"
            }
          }
        }
      },
      "Environment": {
        "type": "object",
        "additionalProperties": false,
        "properties": {
          "name": {
            "type": "string",
            "nullable": true
          },
          "description": {
            "type": "string",
            "nullable": true
          },
          "stamps": {
            "type": "array",
            "nullable": true,
            "items": {
              "$ref": "#/components/schemas/Stamp"
            }
          }
        }
      },
      "Building": {
        "type": "object",
        "additionalProperties": false,
        "properties": {
          "id": {
            "type": "string",
            "nullable": true
          },
          "customerInstanceId": {
            "type": "string",
            "format": "guid"
          },
          "name": {
            "type": "string",
            "nullable": true
          },
          "customerInstance": {
            "nullable": true,
            "oneOf": [
              {
                "$ref": "#/components/schemas/CustomerInstance"
              }
            ]
          },
          "buildingConnectors": {
            "type": "array",
            "nullable": true,
            "items": {
              "$ref": "#/components/schemas/BuildingConnector"
            }
          }
        }
      },
      "BuildingConnector": {
        "type": "object",
        "additionalProperties": false,
        "properties": {
          "buildingId": {
            "type": "string",
            "nullable": true
          },
          "connectorId": {
            "type": "string",
            "nullable": true
          },
          "customerInstanceId": {
            "type": "string",
            "format": "guid"
          },
          "buildingConnectorStatusId": {
            "type": "integer",
            "format": "int32"
          },
          "building": {
            "nullable": true,
            "oneOf": [
              {
                "$ref": "#/components/schemas/Building"
              }
            ]
          },
          "connector": {
            "nullable": true,
            "oneOf": [
              {
                "$ref": "#/components/schemas/Connector"
              }
            ]
          },
          "buildingConnectorStatus": {
            "nullable": true,
            "oneOf": [
              {
                "$ref": "#/components/schemas/BuildingConnectorStatus"
              }
            ]
          }
        }
      },
      "Connector": {
        "type": "object",
        "additionalProperties": false,
        "properties": {
          "id": {
            "type": "string",
            "nullable": true
          },
          "customerInstanceId": {
            "type": "string",
            "format": "guid"
          },
          "name": {
            "type": "string",
            "nullable": true
          },
          "description": {
            "type": "string",
            "nullable": true
          },
          "connectorStatusId": {
            "type": "integer",
            "format": "int32"
          },
          "connectorTypeId": {
            "type": "string",
            "nullable": true
          },
          "connectorStatus": {
            "nullable": true,
            "oneOf": [
              {
                "$ref": "#/components/schemas/ConnectorStatus"
              }
            ]
          },
          "connectorType": {
            "nullable": true,
            "oneOf": [
              {
                "$ref": "#/components/schemas/ConnectorType"
              }
            ]
          },
          "customerInstance": {
            "nullable": true,
            "oneOf": [
              {
                "$ref": "#/components/schemas/CustomerInstance"
              }
            ]
          },
          "buildingConnectors": {
            "type": "array",
            "nullable": true,
            "items": {
              "$ref": "#/components/schemas/BuildingConnector"
            }
          }
        }
      },
      "ConnectorStatus": {
        "type": "object",
        "additionalProperties": false,
        "properties": {
          "id": {
            "type": "integer",
            "format": "int32"
          },
          "name": {
            "type": "string",
            "nullable": true
          },
          "description": {
            "type": "string",
            "nullable": true
          },
          "connectors": {
            "type": "array",
            "nullable": true,
            "items": {
              "$ref": "#/components/schemas/Connector"
            }
          }
        }
      },
      "ConnectorType": {
        "type": "object",
        "additionalProperties": false,
        "properties": {
          "id": {
            "type": "string",
            "nullable": true
          },
          "name": {
            "type": "string",
            "nullable": true
          },
          "version": {
            "type": "string",
            "nullable": true
          },
          "direction": {
            "type": "string",
            "nullable": true
          },
          "connectors": {
            "type": "array",
            "nullable": true,
            "items": {
              "$ref": "#/components/schemas/Connector"
            }
          }
        }
      },
      "BuildingConnectorStatus": {
        "type": "object",
        "additionalProperties": false,
        "properties": {
          "id": {
            "type": "integer",
            "format": "int32"
          },
          "name": {
            "type": "string",
            "nullable": true
          },
          "description": {
            "type": "string",
            "nullable": true
          },
          "buildingConnectors": {
            "type": "array",
            "nullable": true,
            "items": {
              "$ref": "#/components/schemas/BuildingConnector"
            }
          }
        }
      },
      "CustomerInstanceApplicationStatus": {
        "type": "object",
        "additionalProperties": false,
        "properties": {
          "id": {
            "type": "integer",
            "format": "int32"
          },
          "name": {
            "type": "string",
            "nullable": true
          },
          "description": {
            "type": "string",
            "nullable": true
          },
          "customerInstanceApplications": {
            "type": "array",
            "nullable": true,
            "items": {
              "$ref": "#/components/schemas/CustomerInstanceApplication"
            }
          }
        }
      }
    }
  }
}